id,name
733079 ,旺矽永豐75購01
733188 ,元太群益75購01
70492P ,聯亞元大75售01
734313 ,宇峻群益77購02
6615 ,慧智
735045 ,鈊象元大78購01
730493 ,穩懋凱基74購03
1264 ,德麥
70805P ,中美晶元富79售02
734963 ,凱美台新79購01
6499 ,益安
70794P ,環球晶元大79售01
734085 ,龍巖元大7A購01
733167 ,原相台新78購01
734250 ,環球晶國票77購01
732418 ,聯亞永豐74購01
736019 ,大江凱基7A購02
733297 ,神盾元富76購01
70456P ,胡連元富74售02
733997 ,元太康和76購01
736126 ,杰力國泰7B購01
736021 ,世界凱基7B購01
735446 ,大中群益7A購02
735638 ,宣德永豐79購04
731266 ,環球晶兆豐74購01
733171 ,世界元大75購01
734138 ,精測康和77購01
732767 ,群聯凱基74購02
734014 ,精測凱基77購01
732331 ,大田元大75購01
70767P ,穩懋元富79售01
733646 ,神盾永豐76購01
733529 ,昂寶凱基76購01
3071 ,協禧
70621P ,合晶兆豐76售02
6514 ,芮特-KY
6594 ,展匯科
736060 ,環球晶統一81購01
733941 ,久元永豐76購01
734531 ,神盾國泰77購02
735304 ,閎康元大79購01
733511 ,精材第一75購01
734361 ,長華科國泰77購01
734968 ,宜特國泰7B購01
9962 ,有益
733405 ,昇達科元大75購03
730905 ,鈊象元大74購02
735526 ,三貝德元大79購02
70493P ,穩懋元大75售03
734680 ,三貝德永豐77購02
733388 ,台燿元富77購01
3526 ,凡甲
70573P ,穩懋兆豐76售02
3546 ,宇峻
4806 ,昇華
732475 ,金居兆豐75購01
734043 ,中美晶統一78購01
3188 ,鑫龍騰
736076 ,信昌電永豐7A購01
70806P ,台半康和79售01
70745P ,碩禾群益7A售01
5381 ,合正
735498 ,力旺元大79購01
735172 ,智擎統一78購01
4529 ,淳紳
736135 ,大億科元大7A購01
732622 ,振曜群益74購01
733319 ,譜瑞永豐75購02
733389 ,旺矽元富75購01
733664 ,群聯元大77購01
70765P ,網家元大79售02
733793 ,應華群益76購01
735356 ,應華日盛79購01
733693 ,牧德元大76購01
735175 ,和勤國泰7B購01
735455 ,萬潤統一79購01
734985 ,欣銓麥證79購01
6026 ,福邦證
732784 ,大中群益74購03
735932 ,光頡永豐7A購01
732766 ,群聯凱基74購01
70464P ,威剛元大75售03
8182 ,加高
735456 ,環宇統一7B購01
735500 ,宜鼎元大79購01
733478 ,濱川兆豐77購01
734410 ,穩懋群益77購02
6233 ,旺玖
734122 ,龍巖永豐77購01
734824 ,元太群益78購02
734988 ,美磊麥證79購01
735075 ,三貝德統一78購01
734827 ,宜特群益78購01
733967 ,美琪瑪統一76購01
735554 ,中美晶永豐79購02
733093 ,精華國票75購01
735879 ,金居永豐7A購01
3252 ,海灣
733149 ,大宇資群益75購01
732510 ,穩懋元富74購02
732527 ,凡甲群益74購01
5511 ,德昌
732971 ,大江國泰75購01
734127 ,胡連日盛77購01
732615 ,精測富邦74購01
735693 ,網家元大79購03
4541 ,晟田
735368 ,精材兆豐7A購01
6570 ,維田
70560P ,台半元大75售04
70663P ,原相統一77售01
732738 ,台半凱基74購03
736122 ,榮剛日盛7A購01
732541 ,僑威日盛74購01
733954 ,環球晶群益76購04
735046 ,頎邦元大78購01
70507P ,穩懋凱基75售05
70821P ,昂寶群益7A售02
733832 ,群聯國票76購01
6419 ,京晨科
735166 ,同致統一7A購01
735246 ,中美晶兆豐7A購02
8913 ,全銓
734750 ,群聯中信77購03
734957 ,中美晶元大79購01
735159 ,宜鼎凱基78購01
734125 ,精測元富77購01
734844 ,江興鍛元大78購01
735002 ,鈊象永豐78購02
734545 ,精材永豐77購03
734270 ,元太日盛77購01
732278 ,直得日盛74購01
733503 ,精材元大75購11
731100 ,晶焱元大74購03
734603 ,中美晶富邦78購01
735729 ,信昌電元大7A購02
736100 ,凡甲永豐7A購02
734158 ,光頡永豐77購01
735049 ,大江麥證78購01
734144 ,光頡群益77購01
731468 ,光燿科統一74購01
733755 ,原相群益76購02
5314 ,世紀
735759 ,迅得中信79購01
70574P ,昂寶康和75售01
733668 ,先進光國泰76購01
732931 ,萬潤元大77購01
735936 ,展旺永豐7A購01
735614 ,伍豐凱基79購02
732428 ,穩懋國泰74購01
735492 ,智擎凱基79購01
734642 ,環球晶元大77購07
732417 ,新普永豐74購01
734580 ,鈊象永豐77購01
734754 ,精材永豐77購05
731633 ,原相統一74購01
732570 ,岳豐日盛74購01
734481 ,穩懋永豐77購03
735956 ,譜瑞群益7A購02
8027 ,鈦昇
734341 ,環球晶元大77購04
70670P ,昂寶群益77售02
733628 ,網家台新78購01
731754 ,譜瑞凱基74購01
733483 ,同致國泰78購02
732494 ,鈊象群益75購01
735988 ,精材元富7A購01
735392 ,精測日盛79購01
732249 ,東隆興永豐74購01
735540 ,昂寶凱基79購01
736112 ,達爾膚永豐7A購01
735847 ,智崴元富79購01
731228 ,西柏國泰74購01
70405P ,良維群益75售01
732997 ,翔名元大78購01
733032 ,頎邦統一75購01
70746P ,聯亞群益78售05
733818 ,聖暉元富76購01
733120 ,雙鴻國泰77購02
731285 ,茂達元大75購02
734292 ,雙鴻元大79購01
732315 ,中美晶群益74購01
735506 ,環球晶永豐79購02
735458 ,大江元大79購01
4908 ,前鼎
735466 ,應華國票79購01
735282 ,昂寶台新7A購01
734658 ,東洋統一77購02
735350 ,同致元大79購01
735016 ,環宇群益78購01
734999 ,宇隆永豐78購01
5468 ,凱鈺
733960 ,美琪瑪元大78購01
735171 ,金居統一7A購01
734804 ,譜瑞日盛78購01
736104 ,光隆永豐7A購01
733981 ,立敦群益76購01
733863 ,大江第一76購01
732657 ,邦特元大74購01
732521 ,昇達科永豐74購01
732409 ,牧德元大75購01
734289 ,美磊元大78購01
734283 ,宇隆元大77購01
4180 ,安成藥
734641 ,富喬元大78購02
736005 ,濱川群益7B購01
70432P ,精測元大75售01
70438P ,穩懋元大74售07
732420 ,聯亞台新75購01
735378 ,大田群益79購01
731865 ,光燿科凱基76購01
734355 ,鈊象日盛77購01
732348 ,良維永豐74購01
732452 ,環球晶凱基74購02
735270 ,譜瑞富邦79購01
8279 ,生展
733515 ,神盾群益77購01
735883 ,環宇永豐7A購01
735044 ,環球晶元大78購05
733738 ,加百裕凱基76購01
733879 ,威剛群益77購01
735243 ,頎邦元大79購01
735307 ,精華元大79購01
734715 ,僑威元大77購03
733942 ,美琪瑪永豐76購02
732978 ,帛漢凱基75購01
735783 ,光頡元富7C購01
733383 ,大江群益75購01
732947 ,先豐元富75購01
735152 ,直得中信78購01
735192 ,聚和永豐78購01
734428 ,穩懋兆豐77購04
1584 ,精剛
733821 ,恒耀元富76購01
733694 ,穩懋元大76購04
734649 ,直得永豐77購02
00719B ,元大美債1-3
734654 ,中美晶元大77購06
735306 ,碩禾元大79購05
733914 ,富喬永豐76購01
735534 ,勝麗中信79購01
733069 ,東洋凱基75購01
70095P ,穩懋凱基74售04
733561 ,富喬元大77購01
734431 ,原相群益77購02
733568 ,昂寶永豐76購01
5460 ,同協
733220 ,網家永豐75購02
70689P ,同致元富77售02
732469 ,中美晶元大74購05
733484 ,精材國泰75購02
733728 ,迅得永豐76購01
730840 ,威剛中信74購01
733969 ,美琪瑪統一78購01
733088 ,環球晶中信78購01
5523 ,豐謙
70479P ,同致富邦75售01
8905 ,裕國
732569 ,恒耀永豐74購01
734050 ,萬潤元富77購01
734519 ,先進光元大79購01
734618 ,岳豐兆豐78購02
733472 ,合晶日盛75購02
732849 ,晶焱兆豐76購01
732676 ,勝麗日盛74購01
734799 ,穩懋富邦78購02
733116 ,精華國泰75購01
732553 ,金居元大74購02
70843P ,威剛永豐7A售01
735518 ,合晶統一7A購01
734067 ,立敦永豐77購01
735343 ,合晶群益79購02
734552 ,合晶統一77購03
734714 ,勝麗元大78購01
733652 ,金可第一79購01
735857 ,富喬永豐79購02
734256 ,千如元大77購02
5276 ,達輝-KY
70626P ,金居元大7A售01
733683 ,迅得日盛76購01
70844P ,精測群益7B售01
735372 ,台燿元大79購02
734396 ,金居富邦7B購01
733103 ,環球晶永豐75購01
733290 ,穩懋永豐75購03
734002 ,精華富邦77購01
733677 ,環宇凱基76購02
70494P ,金居國泰75售02
732369 ,勝麗元富74購01
735839 ,精測麥證79購02
736077 ,宣德永豐7B購01
734126 ,環球晶元富77購01
732543 ,精測日盛75購01
734535 ,鈊象國泰77購01
733553 ,富喬統一78購01
732772 ,僑威統一75購01
5230 ,雷笛克光學
734184 ,凱美永豐77購02
70829P ,信驊康和7A售02
732984 ,欣銓元富75購01
01108S ,031中租賃B
732686 ,順達永豐74購02
732507 ,中美晶台新74購01
734149 ,精材群益77購02
734719 ,頎邦元大77購03
732976 ,信昌電國票75購01
734467 ,久元元大77購01
70748P ,元太群益78售05
734382 ,三貝德國泰79購01
70814P ,台半元大79售05
732399 ,宜鼎群益75購01
732697 ,良維元大74購03
733215 ,大江永豐75購03
732709 ,旺矽群益74購01
70503P ,精華元富75售03
734724 ,力旺群益77購01
733528 ,立敦凱基76購01
3527 ,聚積
735362 ,萬潤凱基79購01
733454 ,中美晶永豐75購02
8462 ,柏文
731894 ,頎邦群益74購02
732902 ,聯亞富邦75購01
733170 ,網家元富75購01
6146 ,耕興
732279 ,中美晶統一74購01
734946 ,翔名麥證78購01
735269 ,信昌電富邦7B購01
735389 ,原相永豐79購03
735878 ,牧德永豐7A購01
734211 ,台燿群益77購01
732395 ,恒耀日盛74購01
732561 ,鈊象國泰74購01
733097 ,立端永豐75購01
70004X ,頎邦元大63展03
736026 ,威剛凱基7A購01
70846P ,力麒康和7A售02
733933 ,富喬凱基76購02
8401 ,白紗科
733418 ,環球晶兆豐75購03
6554 ,中美冠科-KY
734819 ,碩禾永豐78購01
735536 ,牧德兆豐7A購01
735561 ,世界元富79購01
5102 ,富強
733835 ,IET凱基76購02
733801 ,聚和群益76購01
70497P ,譜瑞元大75售02
734661 ,信昌電凱基77購02
733828 ,應華元大76購01
5514 ,三豐
734594 ,VHQ群益79購02
70539P ,譜瑞元大75售05
733560 ,金山電凱基76購01
734958 ,牧德元大78購05
732532 ,萬潤群益74購01
4105 ,東洋
732920 ,牧德永豐75購01
4953 ,緯軟
732740 ,博智永豐74購02
6510 ,精測
70758P ,鈊象康和78售01
732919 ,大江永豐75購02
733797 ,穩懋凱基78購01
734976 ,久元元大78購02
733335 ,世界永豐75購02
1815 ,富喬
732292 ,耕興康和74購01
732850 ,恒耀兆豐76購01
734028 ,統新群益77購01
733629 ,合晶國票76購01
734318 ,邦特日盛77購01
734526 ,新普統一77購01
736134 ,大田元大7A購01
734761 ,大江國泰77購01
732609 ,精測中信75購03
733720 ,昂寶群益76購01
4513 ,福裕
735707 ,合晶台新7A購01
8406 ,金可-KY
3207 ,耀勝
734813 ,中美晶永豐78購01
735079 ,中美晶國泰78購03
3141 ,晶宏
732004 ,環球晶統一74購03
733732 ,元太群益76購02
732551 ,合晶凱基74購02
731547 ,群聯國泰74購01
734076 ,金可群益77購01
735102 ,聯亞統一79購01
735337 ,環球晶國票79購01
731773 ,晶焱富邦74購01
733804 ,IET國泰79購01
734331 ,元太凱基77購02
732415 ,同致永豐74購01
733287 ,神盾永豐75購03
734207 ,欣銓富邦79購01
735225 ,元太群益79購01
735659 ,台星科永豐79購03
732567 ,精華永豐74購01
732961 ,大江凱基75購01
70391P ,環球晶凱基74售04
735093 ,穩懋元大78購04
735099 ,精材永豐78購01
733517 ,凱美群益76購01
734868 ,頎邦麥證79購01
735537 ,帛漢永豐79購01
732154 ,威剛群益75購01
732821 ,胡連元富74購01
733973 ,美琪瑪凱基77購01
733146 ,精華中信75購01
70544P ,精華富邦75售02
3086 ,華義
735740 ,富喬群益79購01
734407 ,中美晶群益77購03
732234 ,穩懋元大75購01
735087 ,長華科元大78購01
734105 ,昂寶群益77購01
3594 ,磐儀
70490P ,網家元大75售02
735114 ,元太康和78購02
734324 ,金可國泰77購01
8111 ,立碁
735632 ,宣德永豐79購02
733397 ,世界凱基75購02
735651 ,台星科康和79購02
8455 ,大拓-KY
70764P ,良維元大79售01
735723 ,金可凱基79購01
734063 ,碩禾凱基77購01
735104 ,環球晶群益78購01
733542 ,應華兆豐76購01
735401 ,中光電麥證79購01
734299 ,群聯永豐77購02
733994 ,網家永豐76購01
732192 ,同致兆豐74購01
735827 ,精測群益79購06
734972 ,穩懋永豐78購02
70678P ,合晶統一77售02
6156 ,松上
6125 ,廣運
733159 ,台半中信75購01
733873 ,先進光永豐76購01
733680 ,原相永豐76購01
70710P ,環球晶凱基77售09
735352 ,原相日盛79購01
730734 ,碩禾元大74購02
734731 ,大江群益77購02
734523 ,精材元大77購04
01109S ,051中租賃A
735557 ,伍豐永豐79購01
735566 ,久元麥證79購01
735851 ,大田永豐79購03
732330 ,大田元大74購01
734475 ,晶焱群益77購01
735514 ,台半凱基79購02
4939 ,亞電
736127 ,信昌電國泰7C購01
733414 ,大江兆豐76購02
733684 ,智擎統一76購02
734284 ,迅得元大7A購01
733830 ,晶焱永豐76購02
733783 ,富喬元大77購02
70376P ,中美晶元富74售03
734020 ,神盾永豐77購01
733031 ,牧德日盛75購01
70824P ,合晶日盛79售03
3128 ,昇銳
731167 ,康普國泰75購01
735130 ,頎邦群益78購01
734042 ,凡甲統一77購01
735117 ,三貝德凱基78購02
2641 ,正德
734189 ,三貝德國泰77購01
732631 ,同致統一74購04
732517 ,威剛元大75購01
6173 ,信昌電
732419 ,同致台新75購01
70741P ,勝麗元大78售02
733052 ,大江兆豐76購01
735976 ,英濟永豐7A購01
734376 ,新普元大77購01
70003X ,新普元大63展02
4138 ,曜亞
732474 ,原相統一74購03
6497 ,亞獅康-KY
2643 ,捷迅
732926 ,穩懋元富75購01
3522 ,宏森
3276 ,宇環
733092 ,穩懋第一75購01
732151 ,聯合元大74購01
733377 ,世界元大75購03
735872 ,精測群益7A購02
735607 ,大宇資群益79購01
8924 ,大田
70714P ,環球晶康和77售02
734568 ,久元永豐77購01
00687B ,國泰20年美債
736063 ,精材國泰7A購01
732755 ,恒耀群益75購01
6542 ,隆中
732571 ,金居日盛75購01
735296 ,同致群益79購01
734707 ,凱美統一77購03
8410 ,森田
733649 ,群聯群益76購02
733650 ,鈊象台新78購01
70518P ,群聯中信77售02
735539 ,中美晶凱基79購03
732759 ,威剛元大74購04
8093 ,保銳
734037 ,群聯元大77購02
730701 ,光燿科富邦75購01
733256 ,環球晶中信76購01
733902 ,凡甲元富76購01
731937 ,元太玉山74購01
6111 ,大宇資
734415 ,翔名國泰77購01
733626 ,合晶群益76購03
733384 ,元太群益75購05
734314 ,欣銓群益77購01
3114 ,好德
733495 ,金可群益75購01
733047 ,合晶群益76購02
736066 ,和勤元大81購01
70762P ,穩懋凱基79售01
733566 ,IET永豐76購01
732923 ,同致國泰77購03
733301 ,科懋群益75購01
731903 ,富喬元大76購01
732547 ,穩懋統一74購03
4542 ,科嶠
730989 ,群聯統一74購01
735493 ,應華凱基79購01
733423 ,精材凱基75購07
2065 ,世豐
70306P ,精材中信77售01
732291 ,直得康和74購01
3073 ,凱柏實業
735334 ,台燿國票79購01
733398 ,先進光凱基75購02
730946 ,凡甲元大74購01
735121 ,VHQ日盛78購01
734178 ,華星光元大79購01
70566P ,先進光康和75售01
5340 ,建榮
734903 ,牧德元大79購03
70534P ,環球晶中信76售02
732718 ,順達元富74購01
735053 ,胡連麥證79購01
736084 ,先豐中信7A購01
734201 ,岳豐元富77購01
732441 ,聖暉日盛74購01
733036 ,精華兆豐75購01
735314 ,台燿康和79購01
8936 ,國統
733163 ,良維國泰78購01
732683 ,威剛永豐74購02
734734 ,IET永豐77購01
735996 ,信驊元大7A購01
736144 ,鈊象元大7A購02
734772 ,信昌電元大7A購01
6417 ,韋僑
735445 ,信昌電國票79購01
735581 ,直得玉山81購01
732913 ,帛漢永豐75購01
733038 ,頎邦兆豐76購01
70491P ,環球晶元大75售02
735409 ,伍豐元富79購01
734039 ,穩懋元大77購03
735957 ,頎邦群益7A購01
733254 ,神盾日盛77購01
6020 ,大展證
733207 ,元太國泰75購01
734828 ,金可群益78購01
5475 ,德宏
734686 ,大江群益77購01
70529P ,晶焱元大75售02
734141 ,千如群益77購01
732283 ,碩禾統一75購01
734180 ,環球晶元大78購01
8476 ,台境
733564 ,台半元富76購01
3693 ,營邦
731267 ,宜鼎國泰76購01
732826 ,台半元大75購01
6237 ,驊訊
732970 ,雙鴻兆豐76購01
734939 ,金居日盛78購01
70567P ,元太元大75售05
734938 ,頎邦凱基78購01
732267 ,帛漢群益76購01
736018 ,大江凱基7A購01
733488 ,精材永豐75購05
733679 ,中美晶永豐76購01
734409 ,宜特群益79購02
733624 ,合晶永豐76購02
733635 ,合晶統一76購01
735110 ,信驊元大78購01
732137 ,昂寶國泰74購01
734038 ,精華元大77購01
734012 ,台燿凱基77購01
735040 ,邦特元大78購01
70675P ,良維元大77售02
70543P ,聯亞凱基75售05
70409P ,中美晶統一74售03
734329 ,智擎康和77購02
735912 ,精測元富7A購01
736073 ,大宇資永豐7A購01
733293 ,神盾國泰75購01
3646 ,艾恩特
733497 ,精材統一75購01
8437 ,大地-KY
735893 ,中美晶富邦7A購01
6113 ,亞矽
733366 ,環球晶凱基75購04
734454 ,金可兆豐78購01
732863 ,立敦元大75購01
732557 ,同致國泰75購01
732187 ,精材元富76購01
734356 ,千附統一77購01
735817 ,環球晶永昌79購01
733826 ,威剛元大77購01
732701 ,環宇元大74購01
735276 ,原相永豐79購02
732708 ,台半群益74購01
732286 ,威剛兆豐75購02
4728 ,雙美
735859 ,翔名永豐79購01
70385P ,元太富邦74售01
733154 ,先進光永豐75購01
731889 ,金居元大76購02
734017 ,穩懋凱基77購01
733261 ,精華統一75購02
732465 ,合晶永豐74購01
734565 ,環球晶元大77購05
733204 ,智擎統一76購01
70440P ,璟德元大74售02
730714 ,威剛元大74購01
70796P ,穩懋元大79售01
736009 ,聖暉康和7A購01
732937 ,精材兆豐76購01
3362 ,先進光
735007 ,同致玉山7A購01
732139 ,同致元富74購02
733247 ,元太國票75購02
733351 ,東洋元大75購01
734102 ,應華元大78購01
734325 ,博智國泰77購01
734563 ,頎邦群益77購02
734528 ,原相國票77購01
732296 ,大中國泰74購01
732422 ,東洋國票74購01
732799 ,湧德元大75購01
733998 ,美琪瑪康和77購01
734677 ,新普元大77購02
736004 ,智冠群益7A購01
735469 ,宇隆永豐79購01
733306 ,聯亞凱基75購01
733718 ,穩懋台新78購01
3434 ,哲固
735349 ,元太元大79購02
8444 ,綠河-KY
736030 ,頎邦凱基7B購01
735598 ,中光電統一79購02
70581P ,穩懋統一76售01
4502 ,健信
6236 ,康呈
734445 ,聖暉元大77購01
732989 ,原相群益75購01
4741 ,泓瀚
733210 ,元太群益75購02
733465 ,穩懋元富77購01
733583 ,光燿科國泰76購01
735541 ,中美晶富邦79購02
735228 ,世界麥證79購02
70657P ,穩懋元大77售04
6150 ,撼訊
735629 ,協益永豐79購01
70633P ,台燿元富76售01
734479 ,昂寶永豐77購01
732980 ,東洋日盛75購01
734093 ,聖暉兆豐77購01
735309 ,凱美元富79購01
735236 ,新普麥證7A購01
4714 ,永捷
732476 ,精測兆豐75購01
733441 ,統新永豐75購01
734555 ,環球晶康和77購01
4111 ,濟生
735026 ,翔名凱基78購02
734094 ,環球晶兆豐79購01
735985 ,原相元富7A購01
735660 ,合晶永豐79購03
734248 ,元太國票77購01
734080 ,精材群益77購01
70533P ,環球晶永昌75售04
4415 ,台原藥
735917 ,直得凱基7A購02
732723 ,凱美永豐74購01
70463P ,穩懋群益76售01
733206 ,聯亞兆豐76購01
733927 ,IET元大77購01
731905 ,鈊象元大76購01
734326 ,穩懋國泰77購02
734092 ,金可兆豐77購01
732444 ,金居國票74購01
735803 ,璟德永豐79購01
734529 ,信驊國泰77購01
1591 ,駿吉-KY
735489 ,西柏康和79購01
735735 ,元太富邦79購01
735001 ,精華永豐78購01
3672 ,康聯訊
735720 ,中美晶凱基79購06
733722 ,璟德群益76購01
735722 ,合晶凱基79購05
732272 ,頎邦兆豐75購01
734192 ,台燿元大77購01
5609 ,中菲行
732635 ,宜鼎國票74購01
735721 ,同致凱基79購03
6143 ,振曜
735229 ,世界麥證7A購01
733447 ,環球晶國泰75購02
5902 ,德記
734572 ,宇峻永豐77購02
70826P ,群聯元大7A售02
734511 ,昂寶台新78購01
732761 ,群聯元大74購02
735787 ,合晶群益79購04
731800 ,良維元大76購01
735078 ,穩懋統一79購01
1742 ,台蠟
733150 ,先進光群益75購02
8032 ,光菱
733585 ,牧德元富76購01
731168 ,由田元大75購01
733882 ,大江凱基76購02
734732 ,昂寶群益77購04
733569 ,凱美永豐76購01
5604 ,中連貨
733317 ,原相永豐75購03
5202 ,力新
736099 ,三顧永豐7A購01
733486 ,良維永豐75購01
70511P ,大中群益76售02
70672P ,原相元富77售03
735436 ,台星科永豐79購01
733005 ,聯合日盛75購01
733552 ,同致統一78購01
3322 ,建舜電
732556 ,精測元大74購04
735682 ,鈊象日盛79購01
731725 ,元太兆豐75購01
734882 ,富喬凱基78購01
734727 ,碩禾群益77購01
733971 ,鈊象統一76購01
732384 ,穩懋群益74購02
732636 ,昂寶國票74購01
735779 ,立敦群益7A購01
4726 ,永昕
733058 ,欣銓元大75購03
4987 ,科誠
735591 ,聖暉永豐79購01
733665 ,勝麗兆豐77購01
735796 ,立敦永豐79購01
70820P ,穩懋兆豐79售04
735785 ,中美晶群益79購06
732504 ,和勤永豐74購02
733898 ,精華凱基76購02
733391 ,光燿科永豐75購02
8433 ,弘帆
732685 ,智崴永豐74購01
733916 ,中美晶國泰78購01
70393P ,環球晶凱基74售06
734367 ,群聯凱基77購03
732661 ,穩懋元大74購06
734823 ,大中群益7A購01
735295 ,台半群益79購01
734027 ,牧德群益77購01
733586 ,牧德兆豐76購01
732516 ,金居元大75購02
732467 ,牧德永豐74購02
733002 ,宇峻國泰75購01
70632P ,穩懋統一77售01
730666 ,環球晶永昌75購02
4121 ,優盛
732385 ,中美晶日盛74購01
733407 ,金居元大78購02
70477P ,聯亞元富75售01
733299 ,環球晶元富75購02
733000 ,精華元大75購01
732933 ,穩懋元大75購02
732334 ,中美晶元大75購01
733064 ,合晶國票75購01
733246 ,環球晶元大75購05
734016 ,雙鴻凱基79購01
735125 ,中美晶群益79購03
70482P ,穩懋兆豐75售01
6198 ,凌泰
733681 ,群聯永豐76購04
732456 ,良維凱基74購02
733958 ,美琪瑪元大76購01
734994 ,璟德麥證79購01
735814 ,合晶日盛79購02
735430 ,環宇兆豐79購01
732309 ,中美晶富邦74購01
735217 ,威剛永豐79購01
731692 ,精材兆豐74購01
70457P ,穩懋元大74售09
70810P ,環宇元大79售01
732758 ,同致元大77購01
732408 ,良維元大75購02
735160 ,中美晶富邦78購02
4103 ,百略
734934 ,良維凱基78購01
734401 ,威剛元大77購04
735780 ,金山電群益7A購01
734095 ,穩懋兆豐77購02
733600 ,群聯凱基76購01
732616 ,中美晶合庫74購01
732651 ,皇田富邦74購01
732524 ,湧德永豐74購02
3230 ,錦明
735910 ,邦特元富7A購01
732572 ,翔名日盛74購02
735760 ,直得元富79購01
734439 ,新普永豐77購01
733091 ,金可元大75購02
70616P ,穩懋群益76售06
736141 ,晶焱元大7A購01
732008 ,良維元大74購02
732326 ,久元元大74購01
733920 ,金可中信78購01
735028 ,應華凱基78購01
733640 ,僑威國泰76購01
733281 ,譜瑞元大75購06
735600 ,欣銓玉山7A購01
70666P ,台燿元大77售02
732364 ,大中凱基74購01
734212 ,凱美群益77購01
733721 ,神盾群益76購02
734709 ,同致台新78購02
735949 ,合晶群益7B購01
734034 ,信驊元大77購01
6170 ,統振
732717 ,加百裕元富74購01
733222 ,譜瑞台新75購02
736033 ,大宇資群益7C購01
733403 ,邦特元大76購01
732910 ,環球晶群益75購01
734692 ,良維永豐77購05
733108 ,合晶統一75購01
733427 ,神準元富75購01
734287 ,金可元大77購02
733374 ,環球晶統一76購02
734359 ,碩禾統一77購01
732706 ,中美晶群益74購09
735194 ,頎邦永豐78購02
733098 ,合晶永豐75購02
70470P ,雙鴻凱基76售01
733344 ,元太統一75購02
735771 ,精測凱基79購01
733689 ,環球晶群益76購01
733081 ,紅馬永豐75購01
733298 ,環球晶元富75購01
732742 ,群聯永豐74購02
733422 ,力麒康和75購01
732573 ,新普日盛74購01
735497 ,譜瑞富邦79購02
732247 ,旺矽國泰74購01
00723B ,群益15年IG科技債
734301 ,金山電國票77購01
731875 ,昇達科元大76購01
5321 ,友銓
732744 ,中美晶國泰74購04
733869 ,邦特元大77購01
732271 ,勝麗兆豐74購01
733922 ,昂寶群益76購02
733160 ,先進光中信75購01
733217 ,柏文永豐75購02
734983 ,宇隆麥證78購01
735586 ,大田康和79購01
735744 ,博智永豐79購01
70548P ,譜瑞統一75售01
732098 ,鈊象元大76購02
8277 ,商丞
732954 ,大江元大75購02
733890 ,穩懋統一76購04
734829 ,群聯群益78購04
733852 ,合晶統一79購01
734521 ,信昌電元大78購01
735846 ,聯亞群益7A購03
734416 ,原相中信79購01
8234 ,新漢
731787 ,陽程凱基76購01
733295 ,譜瑞國泰75購01
735732 ,穩懋元大7A購01
70823P ,泰博康和79售03
734375 ,原相元大77購04
736051 ,中美晶統一7B購03
735677 ,穩懋凱基79購04
732548 ,中美晶兆豐75購01
732593 ,聯亞元富74購01
734137 ,華星光國泰77購01
735865 ,精華元大79購03
736082 ,湧德永豐7A購01
70798P ,大江康和79售01
70450P ,穩懋統一74售04
734008 ,環宇統一76購01
732673 ,中美晶富邦74購02
734384 ,原相台新78購02
734482 ,良維群益77購01
735889 ,大宇資凱基7A購01
734442 ,光頡元大77購01
735042 ,新普元大79購01
8085 ,福華
1795 ,美時
70379P ,穩懋台新74售01
731724 ,元太兆豐74購01
733485 ,立端永豐75購02
732175 ,陽程元大76購01
70522P ,廣明元富75售02
732433 ,環球晶富邦74購01
734484 ,原相群益77購03
734625 ,原相日盛77購01
734689 ,僑威群益77購02
70588P ,雙鴻元大76售03
735575 ,大田統一79購01
733376 ,環球晶統一77購02
70702P ,精材元大77售03
731399 ,光燿科富邦76購01
732405 ,元太元大74購02
732380 ,和勤群益74購01
732800 ,順達元大74購02
732509 ,精測國泰76購01
5398 ,慕康生醫
735825 ,環球晶統一7A購03
730636 ,岳豐元大74購01
735818 ,久元永豐79購01
734279 ,同致群益78購01
6509 ,聚和
733443 ,鈊象永豐75購01
732647 ,萬潤永豐74購02
733357 ,頎邦第一75購01
70731P ,元太元富78售02
70525P ,穩懋富邦75售03
732957 ,金居元大78購01
735380 ,群聯群益7A購02
1565 ,精華
735384 ,昂寶國票79購01
734880 ,三貝德康和78購03
3609 ,東林
734109 ,群聯群益78購01
734186 ,華星光永豐77購02
70536P ,元太元富75售02
733337 ,邦特永豐75購01
70488P ,頎邦凱基75售02
733929 ,智擎永豐76購01
733209 ,VHQ群益76購01
733962 ,富喬元大78購01
735330 ,東洋永豐79購01
735388 ,昂寶永豐79購02
734573 ,迅得永豐77購01
734272 ,牧德兆豐78購01
733903 ,金可元富76購01
735595 ,威剛兆豐7A購01
732856 ,宜特群益75購01
734084 ,博智元大77購01
733944 ,聖暉永豐76購01
734294 ,牧德永豐77購03
734650 ,富喬永豐77購03
733292 ,原相國泰75購01
733887 ,金可元大76購01
733698 ,鈊象元大76購03
733737 ,穩懋康和76購01
732679 ,環球晶兆豐75購01
735850 ,VHQ永豐79購02
3064 ,泰偉
732513 ,聯合富邦75購01
3631 ,晟楠
736000 ,環球晶元大7A購01
734849 ,三貝德麥證78購01
730799 ,晶焱元大74購01
732294 ,中美晶凱基74購02
733647 ,東洋群益76購01
733719 ,牧德玉山79購01
6457 ,紘康
732745 ,穩懋國泰74購02
733187 ,應華永豐75購01
6221 ,晉泰
735524 ,美琪瑪元富7C購01
734133 ,聯亞日盛77購01
732519 ,台半永豐74購02
735076 ,精華統一78購01
733109 ,合晶元富75購01
732607 ,環球晶群益74購04
732379 ,宇峻群益74購02
70708P ,環球晶凱基77售07
70541P ,神盾凱基75售05
734851 ,世界麥證78購01
730604 ,勝麗元大74購01
733270 ,富喬凱基75購01
735580 ,穩懋統一79購02
735275 ,昂寶永豐79購01
732174 ,佰研元大76購01
734527 ,金居國票77購01
70427P ,璟德群益75售01
734784 ,頎邦永豐78購01
734894 ,頎邦兆豐78購01
734098 ,合晶國泰77購02
733911 ,IET永豐76購03
733065 ,美磊國票75購01
732305 ,中美晶元富74購02
734346 ,中美晶群益77購02
735442 ,精材永豐79購02
733554 ,聖暉兆豐76購01
732756 ,威剛台新75購01
732501 ,精測元富74購02
735768 ,宣德永豐79購05
732535 ,頎邦群益75購02
734822 ,榮剛元富78購01
5245 ,智晶
735426 ,富喬凱基79購01
732724 ,晶焱永豐74購01
732534 ,精材群益74購01
735018 ,合晶凱基78購01
5213 ,亞昕
8354 ,冠好
00694B ,富邦美債1-3年
735105 ,大中元大79購01
733278 ,神盾元大77購01
70373P ,濱川康和74售01
732265 ,均豪群益75購01
731902 ,岳豐元大76購02
731478 ,金居國泰74購01
734469 ,頎邦元大77購01
733974 ,美琪瑪凱基77購02
6182 ,合晶
734725 ,良維群益77購02
735997 ,泰博元大7A購01
735782 ,精測群益79購05
70651P ,原相永豐76售02
734630 ,富喬統一77購01
732427 ,穩懋凱基74購09
6223 ,旺矽
735108 ,欣銓元大78購01
733198 ,昂寶元大75購01
733831 ,碩禾台新77購01
735558 ,金居永豐79購02
732514 ,中美晶元大74購06
735573 ,頎邦麥證7A購01
70530P ,群聯元大75售04
730548 ,環宇群益74購01
734322 ,力旺國泰78購01
70395P ,穩懋群益74售03
734570 ,同致永豐77購01
734025 ,元太群益77購01
731849 ,良維群益74購01
735667 ,頎邦國票79購01
734855 ,台燿麥證79購01
730492 ,穩懋凱基74購02
5543 ,崇佑-KY
732871 ,雙鴻永豐75購01
735413 ,宜鼎元富79購01
733710 ,環球晶元大76購02
735926 ,世界元大7A購01
70523P ,環球晶群益75售04
734738 ,元太第一77購01
732136 ,岳豐國泰75購01
733796 ,千附凱基76購01
735512 ,原相群益79購02
732035 ,環球晶中信74購01
732804 ,合晶統一74購02
4171 ,瑞基
732606 ,環球晶群益74購03
70504P ,大江元大75售04
733724 ,穩懋群益76購05
735448 ,合晶群益79購03
733965 ,美琪瑪日盛76購01
733867 ,大江元大77購01
735929 ,IET永豐7A購01
735647 ,穩懋麥證79購02
733121 ,原相日盛75購01
735502 ,信驊元大79購01
5345 ,天揚
733017 ,譜瑞富邦76購01
735232 ,東洋麥證7A購01
736110 ,高技永豐7A購01
733393 ,萬潤永豐75購01
733226 ,頎邦富邦75購01
70389P ,環球晶元大74售05
734700 ,良維元富77購02
732598 ,中美晶元大75購02
732506 ,穩懋永豐74購03
735753 ,合晶統一7A購03
70840P ,元太康和7A售02
732719 ,群聯富邦74購01
3687 ,歐買尬
734918 ,凱美永豐78購01
732389 ,穩懋富邦74購02
733780 ,聚和永豐76購01
733164 ,宜鼎國泰75購01
736048 ,聯合日盛7A購01
3325 ,旭品
70498P ,穩懋凱基75售02
731780 ,金居兆豐74購01
70564P ,環球晶群益75售06
734578 ,順達永豐77購01
70723P ,穩懋群益78售01
735420 ,IET元大79購01
735501 ,昂寶元大79購02
734627 ,久元統一77購01
735970 ,台燿永豐7A購01
732596 ,僑威凱基74購01
732855 ,頎邦國泰75購01
735039 ,三貝德元大78購01
6441 ,廣錠
733938 ,中美晶元富76購01
735745 ,富宇永豐79購01
735946 ,湧德元富84購01
733020 ,協益永豐75購01
9950 ,萬國通
734616 ,環球晶中信77購01
733477 ,東洋兆豐76購01
735789 ,華星光群益7A購01
733129 ,中美晶元大75購07
3176 ,基亞
5464 ,霖宏
733767 ,碩禾富邦79購01
734268 ,頎邦台新77購02
734969 ,邦特永豐78購01
733642 ,環球晶國泰76購01
70380P ,信驊元大74售01
731739 ,精材中信75購01
70572P ,合晶兆豐76售01
735098 ,凡甲永豐78購01
735345 ,網家群益79購04
70732P ,元太群益78售03
5344 ,立衛
734459 ,金居凱基77購01
8933 ,愛地雅
732381 ,和勤群益74購02
734739 ,金可第一77購01
735755 ,良維元大7C購01
735038 ,譜瑞群益78購01
732416 ,順達永豐74購01
6212 ,理銘
733824 ,友華元大76購02
731657 ,精材元大75購02
732737 ,群聯兆豐74購02
6163 ,華電網
6432 ,今展科
6291 ,沛亨
734448 ,陽程日盛77購01
732333 ,中美晶元大74購04
734637 ,中美晶元大77購04
735272 ,中美晶永豐79購01
733636 ,中美晶兆豐77購01
731589 ,康普元大75購01
733285 ,欣銓永豐75購04
733027 ,欣銓凱基75購01
734759 ,穩懋群益77購06
735576 ,大田統一7A購01
4527 ,方土霖
735136 ,宜特永豐78購01
6593 ,台灣銘板
732727 ,頎邦永豐74購02
735863 ,富喬元大79購03
5317 ,凱美
732344 ,大田永豐74購01
732301 ,萬潤國泰76購01
732337 ,湧德元大74購01
734730 ,三貝德群益77購01
4420 ,光明
70610P ,先進光元大76售01
6508 ,惠光
734389 ,穩懋元富77購02
732387 ,智崴兆豐74購02
735821 ,中美晶兆豐7A購03
731288 ,同致統一74購02
735691 ,精材元大7A購02
3587 ,閎康
2063 ,世鎧
734317 ,僑威元富77購01
70658P ,中美晶兆豐77售02
5903 ,全家
735084 ,穩懋群益78購02
733910 ,恒耀元大76購02
735126 ,合晶群益78購05
732339 ,聚和元大74購01
730491 ,穩懋凱基74購01
733786 ,譜瑞元大76購03
733784 ,濱川元大79購01
733050 ,合晶日盛75購01
70656P ,網家群益77售01
735630 ,信驊永豐79購02
735694 ,穩懋元大79購03
734514 ,昂寶兆豐78購01
734336 ,台燿元大77購03
6171 ,亞銳士
732435 ,新普元大74購02
732750 ,東碩群益74購02
70795P ,聯亞元大79售01
733056 ,合晶元大75購03
732388 ,環球晶兆豐74購02
734104 ,勝麗台新79購01
732608 ,恒耀群益74購01
6469 ,大樹
734534 ,環宇國泰77購01
734549 ,岳豐兆豐78購01
735750 ,中光電麥證7A購01
732887 ,中美晶元大75購05
732295 ,中美晶凱基75購01
734146 ,金可群益77購02
70519P ,穩懋台新75售03
733461 ,頎邦永豐75購03
8935 ,邦泰
70788P ,金居康和79售01
70426P ,雙鴻康和74售01
732313 ,大中群益74購01
6218 ,豪勉
733124 ,宜特兆豐76購01
733111 ,金可元富75購01
734997 ,智擎第一78購01
733378 ,先進光元大75購04
733314 ,友華永豐75購02
735288 ,新普國票79購01
70790P ,群聯群益79售02
733859 ,信昌電國泰77購01
734885 ,三貝德中信79購01
70690P ,精材永豐77售02
734713 ,良維元大77購04
732378 ,宇峻群益74購01
6426 ,統新
733057 ,合晶元大76購01
733539 ,先進光兆豐76購01
735186 ,穩懋第一78購01
70703P ,穩懋元大77售07
4523 ,永彰
70716P ,同致康和77售01
736146 ,崴強富邦7A購01
735185 ,群聯兆豐79購01
733197 ,同致元大78購03
734817 ,原相永豐78購01
4167 ,展旺
734226 ,雙鴻群益79購01
734941 ,先豐麥證78購01
4995 ,晶達
732675 ,昂寶日盛74購01
735406 ,環球晶麥證7B購01
735476 ,環球晶日盛79購01
734422 ,合晶統一78購01
70602P ,聯亞群益76售02
734667 ,牧德中信77購01
735918 ,原相凱基7A購02
733645 ,欣銓元富76購01
5310 ,天剛
6270 ,倍微
733588 ,大江中信76購01
00722B ,群益15年IG電信債
733249 ,神盾國票75購01
735527 ,群聯元大79購02
734196 ,美琪瑪台新78購01
735286 ,中美晶國票79購01
5212 ,凌網
735050 ,朋程麥證78購01
733318 ,健亞永豐75購01
8937 ,合騏
735738 ,牧德群益7A購02
734909 ,穩懋麥證7A購01
5301 ,寶得利
2718 ,晶悅
735103 ,凱美群益78購02
732835 ,台半元富75購01
733240 ,大中元大77購01
8446 ,華研
734540 ,東洋凱基77購02
734030 ,網家群益78購01
735060 ,光頡國泰78購02
735592 ,精材永豐79購03
730581 ,雙鴻國泰77購01
5474 ,聰泰
733841 ,聖暉凱基76購01
736071 ,鈊象元大7A購01
8928 ,鉅明
8423 ,保綠-KY
733192 ,碩禾國票75購01
735113 ,廣明元大78購01
733562 ,精華元大76購01
736058 ,富喬統一7C購01
70792P ,網家群益7A售02
733475 ,勝麗台新75購01
734225 ,威剛群益78購01
735875 ,精測國泰7A購01
734607 ,穩懋玉山79購01
735032 ,穩懋凱基78購04
734699 ,合晶元富77購01
70735P ,穩懋元大78售01
734604 ,聯亞富邦77購02
734622 ,智冠元富77購01
734286 ,牧德元大79購02
735882 ,濱川永豐7A購01
736074 ,先進光永豐7B購01
732466 ,岳豐永豐74購02
734362 ,神盾國泰77購01
732168 ,凡甲富邦74購02
733436 ,原相統一76購01
6411 ,晶焱
733758 ,勝麗永豐76購02
734406 ,穩懋元大77購06
734774 ,智冠元大77購01
2729 ,瓦城
732752 ,博智群益74購01
733917 ,雙鴻國泰7C購01
734561 ,合晶群益79購01
70383P ,中美晶群益74售04
6259 ,百徽
733530 ,精材凱基76購01
734185 ,群聯永豐77購01
4109 ,穆拉德加捷
735481 ,宇隆群益79購01
734923 ,凱美元大78購01
736064 ,大江元大7A購01
70605P ,原相元大76售03
734436 ,光頡永豐77購03
733095 ,中美晶永豐75購01
732258 ,環球晶元富74購01
732487 ,同致群益74購03
733442 ,環宇永豐75購02
732562 ,富喬元富74購01
732437 ,順達台新74購01
70339P ,環球晶統一74售04
735047 ,力旺麥證79購01
732559 ,岳豐國泰77購01
733706 ,宇隆元大76購01
5481 ,華韡
735324 ,聖暉凱基79購02
735507 ,大江群益79購01
733490 ,精材富邦75購01
732056 ,碩禾群益74購01
735945 ,桓達元富84購01
4946 ,辣椒
735690 ,新普元大79購04
735653 ,宇隆凱基79購01
6274 ,台燿
733113 ,同致國泰76購01
733053 ,合晶兆豐75購01
6186 ,新潤
734710 ,三貝德元大77購02
735505 ,新普永豐79購01
732929 ,原相元大78購01
734110 ,僑威群益77購01
732259 ,昂寶元大74購01
732585 ,中美晶中信74購03
732707 ,加百裕群益74購01
70772P ,網家群益7A售01
4533 ,協易機
732847 ,勝麗統一74購01
733451 ,穩懋群益75購06
733467 ,昂寶元大75購03
6275 ,元山
5302 ,太欣
8927 ,北基
732583 ,環球晶永昌74購01
735931 ,大江永豐7A購01
70436P ,聯亞兆豐74售02
8931 ,大汽電
731989 ,同致中信77購01
70225P ,精測中信74售01
732261 ,雅茗元大75購01
733779 ,波若威永豐76購01
732518 ,胡連元大74購02
70410P ,穩懋兆豐74售02
733613 ,萬潤永豐76購01
734544 ,博智永豐77購02
735454 ,群聯富邦79購02
4510 ,高鋒
70645P ,精華元富76售02
733596 ,雙鴻永豐76購01
733175 ,環球晶元大75購04
735115 ,翔名康和78購01
733361 ,世界永豐75購03
734678 ,環球晶元大77購09
733736 ,聯亞富邦77購01
734728 ,穩懋統一77購04
732731 ,碩禾元大77購01
733350 ,昂寶元大76購01
4971 ,IET-KY
733637 ,先豐元富76購01
70696P ,網家富邦77售02
735168 ,牧德日盛78購02
732663 ,良維兆豐74購01
732659 ,精材元大75購04
734945 ,智擎麥證78購01
735181 ,昂寶兆豐7A購01
4123 ,晟德
3089 ,遠昇
3303 ,岱稜
734145 ,迅得群益77購01
732601 ,譜瑞元大74購01
733289 ,環球晶永豐75購02
733935 ,美琪瑪國泰76購01
70437P ,頎邦群益75售03
732757 ,台燿元大74購02
734927 ,江興鍛元富78購01
735813 ,直得國泰79購01
735054 ,廣明麥證78購01
732868 ,大江永豐75購01
70833P ,環球晶凱基7A售07
734975 ,僑威群益79購01
735319 ,光頡凱基79購01
733725 ,先豐國泰77購01
6548 ,長華科
70439P ,順達台新74售02
8088 ,品安
01104S ,991中租賃B
734006 ,威剛統一77購01
735939 ,大田康和7A購01
733768 ,濱川國泰76購01
733510 ,台半第一75購01
736008 ,泰博康和7A購01
734018 ,由田永豐77購01
70006X ,良維元大6C展02
732343 ,大中永豐74購01
732446 ,台燿凱基74購01
735672 ,宣德凱基79購02
735644 ,宣德元富79購01
734617 ,穩懋中信77購02
70468P ,光燿科康和76售01
70582P ,群聯永豐76售02
732595 ,中美晶凱基76購01
8147 ,正淩
733782 ,皇田元大76購01
70402P ,中美晶元富74售06
4432 ,銘旺實
70701P ,穩懋兆豐77售03
734859 ,新普麥證78購01
8092 ,建暐
733147 ,精材台新78購01
735023 ,牧德凱基78購01
733836 ,IET凱基77購01
70366P ,昇達科群益76售01
733128 ,大江元大75購05
1597 ,直得
734632 ,新普富邦77購01
733676 ,網家凱基76購01
5465 ,富驊
735923 ,環球晶凱基7A購04
732803 ,群聯日盛74購01
6158 ,禾昌
730637 ,金居元大74購01
733048 ,網家群益76購02
734061 ,信昌電凱基77購01
7402 ,邑錡
734510 ,僑威群益78購01
734204 ,應華元富77購01
732445 ,環球晶國票74購01
731925 ,雙鴻元大74購04
732852 ,金居國泰75購01
70803P ,聯亞元大79售02
733123 ,台半兆豐75購01
733813 ,千附元富76購01
732053 ,威剛凱基76購02
734840 ,元太統一78購03
732730 ,群聯元大74購01
00696B ,富邦美債20年
735387 ,良維永豐79購01
732928 ,旺矽元大75購01
733904 ,精華元富76購01
732793 ,合晶永豐74購05
734675 ,合晶元大77購03
732251 ,萬潤永豐74購01
732376 ,IET群益74購01
731408 ,茂達元大75購03
6107 ,華美
734911 ,威剛統一78購01
732610 ,大宇資永豐74購01
732544 ,中美晶統一74購04
733358 ,世界國票75購02
734029 ,勝麗群益78購01
70760P ,環球晶群益79售01
730689 ,碩禾統一74購01
732526 ,頎邦永豐74購01
70816P ,網家元大79售04
5878 ,台名
733083 ,翔名永豐75購01
732253 ,伍豐元富74購01
70589P ,昂寶元大76售03
735994 ,邦特元大7A購01
8472 ,夠麻吉
6114 ,久威
736054 ,台燿統一7B購01
730323 ,岳豐國泰76購01
6127 ,九豪
8240 ,華宏
70005X ,精華元大66展02
6284 ,佳邦
8938 ,明安
733371 ,同致統一75購01
8121 ,越峰
5487 ,通泰
734379 ,雙鴻元大78購03
735491 ,大江凱基79購03
736072 ,VHQ永豐7A購01
734115 ,威剛永豐77購01
733148 ,雙鴻台新75購01
70388P ,同致元大74售05
733459 ,聖暉永豐75購02
735205 ,直得元富78購01
730786 ,岳豐凱基74購01
733500 ,昂寶元大75購04
732498 ,穩懋永昌75購01
734944 ,美磊麥證78購01
6148 ,驊宏資
732246 ,台燿國泰75購01
735348 ,元太元大79購01
6803 ,崑鼎
735164 ,勝麗日盛78購01
70599P ,群聯兆豐76售02
734291 ,聯亞元大77購01
3232 ,昱捷
735221 ,原相統一7A購01
735169 ,VHQ統一78購01
735700 ,信昌電群益7A購01
735969 ,千如永豐7A購01
6228 ,全譜
4102 ,永日
735178 ,雙鴻群益7A購01
732523 ,長華科永豐74購01
732537 ,台半凱基74購02
735820 ,智擎元富79購01
734496 ,群聯元大77購03
731032 ,光燿科元大74購02
733746 ,環宇元大78購01
3131 ,弘塑
1813 ,寶利徠
734575 ,直得永豐77購01
70473P ,元太群益76售01
736120 ,昇達科日盛7A購01
735728 ,同致元大79購02
734056 ,美琪瑪國泰77購01
733105 ,精材台新77購01
734214 ,穩懋群益77購01
8044 ,網家
733571 ,IET元大76購01
734948 ,精材中信7A購01
733343 ,網家日盛76購01
732434 ,台燿元大74購01
734655 ,元太元大77購01
734854 ,台燿麥證78購01
735086 ,昂寶元大78購01
70001X ,臺銀金元大63展01
70475P ,穩懋群益76售02
4128 ,中天
734955 ,環球晶統一7A購01
732300 ,勝麗國泰74購01
734129 ,應華日盛77購01
732363 ,中美晶國票74購01
732459 ,合晶群益75購01
734682 ,精材永豐77購04
732081 ,金居富邦77購02
733993 ,原相永豐76購03
3310 ,佳穎
733773 ,同致第一79購01
731018 ,精材凱基74購01
735209 ,群聯凱基78購01
70387P ,伍豐元大74售02
735922 ,環球晶凱基7A購03
731422 ,宣德元大74購02
734488 ,昂寶統一77購01
6194 ,育富
734845 ,宜鼎元大78購01
3689 ,湧德
70614P ,穩懋統一76售02
732359 ,台半永豐74購01
732829 ,聯亞元大74購01
4152 ,台微體
733766 ,立端國泰78購01
735930 ,大田永豐7A購01
735999 ,富喬元大7A購01
2061 ,風青
4153 ,鈺緯
734915 ,中光電永豐78購01
733267 ,凡甲第一75購01
4706 ,大恭
733241 ,宜鼎元大75購02
732424 ,譜瑞國票74購01
735977 ,神盾永豐7A購02
4173 ,久裕
731720 ,智擎統一74購01
733905 ,穩懋元富76購02
734733 ,穩懋群益77購05
4745 ,合富-KY
733312 ,原相富邦75購01
8091 ,翔名
4303 ,信立
70756P ,穩懋富邦79售01
735697 ,台半群益7A購01
732266 ,帛漢群益75購01
734852 ,世界麥證79購01
732691 ,牧德群益74購02
732960 ,新普康和75購01
735062 ,神盾國泰78購01
734103 ,欣銓台新78購01
735835 ,邦特麥證79購01
732966 ,金居凱基75購02
732743 ,穩懋永豐74購04
733589 ,同致中信78購01
70421P ,網家群益74售02
735216 ,金居永豐79購01
70487P ,大江凱基75售03
734809 ,合晶永昌79購01
734432 ,穩懋群益77購03
734412 ,環球晶永昌77購01
732668 ,聯亞兆豐74購01
732735 ,旺矽日盛74購01
6532 ,瑞耘
70495P ,台半群益76售01
733803 ,IET國泰77購01
70537P ,神盾凱基75售04
735200 ,碩禾元大7A購01
734989 ,胡連麥證78購01
732242 ,伍豐兆豐75購01
733413 ,光燿科統一75購01
3489 ,森寶
735157 ,力旺凱基78購01
734274 ,信昌電中信77購01
733291 ,宇隆國泰78購01
5425 ,台半
735812 ,環宇統一79購01
730661 ,勝麗元大74購02
734089 ,中美晶兆豐77購03
3498 ,陽程
734163 ,良維元富77購01
70630P ,精材國泰76售01
734369 ,穩懋凱基77購02
734951 ,智擎永豐78購01
735214 ,中光電永豐79購01
70644P ,金可元富76售02
8176 ,智捷
732138 ,凡甲元富74購02
734965 ,牧德群益78購01
70841P ,碩禾國泰7C售02
734543 ,信驊永豐77購02
5287 ,數字
735374 ,勝麗元大79購02
70418P ,環球晶元大74售06
735633 ,神盾永豐79購01
735602 ,元太元大79購05
732472 ,新普元大75購01
735033 ,神盾永豐78購01
4974 ,亞泰
735059 ,頎邦統一78購01
734837 ,富喬富邦78購01
733026 ,翔名康和75購01
733936 ,應華國泰76購01
733576 ,新漢元大76購01
734881 ,台燿凱基78購01
735402 ,元太麥證7A購01
733224 ,富喬富邦76購01
733764 ,穩懋元大77購02
733778 ,應華凱基76購01
6199 ,天品
70624P ,穩懋凱基76售02
733672 ,頎邦富邦78購01
4535 ,至興
5457 ,宣德
735138 ,欣銓永豐78購02
732859 ,宇峻凱基75購01
735487 ,萬潤兆豐7A購01
70375P ,譜瑞國泰74售02
732999 ,精測元大76購01
735674 ,碩禾凱基7A購01
733360 ,環球晶玉山79購01
734293 ,穩懋元大77購05
70766P ,環球晶兆豐79售02
732884 ,原相統一75購01
732373 ,直得元大74購01
4304 ,勝昱
734447 ,中天日盛77購01
736128 ,高技國泰7A購01
734922 ,迅得元大79購01
735450 ,智擎康和79購01
733992 ,昂寶永豐76購02
735618 ,凱美凱基79購01
735381 ,精材群益79購01
730951 ,晶焱元大74購02
736013 ,展旺宏遠7A購01
732993 ,大江元大75購03
734053 ,凱美國泰77購01
736103 ,川寶永豐7A購01
731332 ,同致統一74購03
734083 ,千附元大77購01
734826 ,良維群益78購01
70827P ,譜瑞元大7A售01
6160 ,欣技
733709 ,群聯元大76購02
732918 ,群聯群益75購01
735861 ,大田元大79購03
733303 ,勝麗群益75購04
733470 ,聖暉元大75購01
735906 ,恒耀中信7A購01
6151 ,晉倫
733025 ,智崴國票75購01
732888 ,加百裕元大75購01
734584 ,晶焱永豐77購01
733269 ,元太凱基75購03
732741 ,智擎永豐74購01
734380 ,千附日盛77購01
8929 ,富堡
730595 ,光燿科元大74購01
734224 ,信昌電群益78購01
733114 ,岳豐國泰76購02
735077 ,環宇統一78購01
734850 ,元太麥證78購01
735434 ,頎邦元富79購03
734154 ,禾瑞亞永豐77購01
6568 ,宏觀
735724 ,原相凱基79購01
733365 ,頎邦永豐75購01
3067 ,全域
735951 ,原相群益7B購01
733440 ,神盾永豐75購05
5483 ,中美晶
4192 ,杏國
734986 ,金可麥證78購01
735568 ,金可麥證7A購01
734296 ,信昌電永豐77購01
735703 ,合晶永豐79購04
6175 ,立敦
733659 ,大江元大76購01
734611 ,金可永豐77購01
733011 ,網家元大76購01
735475 ,譜瑞永豐79購02
70688P ,威剛元大77售03
734402 ,富喬元大79購01
735237 ,精華麥證79購02
734474 ,金居群益77購03
70650P ,群聯群益77售02
734524 ,欣銓第一77購01
734912 ,立敦國泰78購01
734673 ,中美晶元大77購07
735188 ,由田永豐78購01
8930 ,青鋼
5355 ,佳總
735179 ,頎邦群益78購02
732325 ,晟德群益74購01
4429 ,聚紡
734705 ,雙鴻日盛7A購01
3388 ,崇越電
734589 ,晶焱康和77購01
70445P ,加百裕元富74售02
3521 ,鴻翊
734861 ,精華麥證78購01
6187 ,萬潤
734088 ,穩懋統一78購01
732698 ,茂達元大76購01
70377P ,中美晶元大74售02
733332 ,群聯群益76購01
735405 ,鼎翰麥證79購01
732215 ,勝麗群益75購01
6240 ,松崗
734209 ,VHQ群益79購01
733268 ,VHQ康和75購01
6101 ,寬魚國際
732916 ,穩懋永豐75購01
733030 ,譜瑞凱基75購02
735604 ,凱美元大79購02
736006 ,聯合群益7A購01
734338 ,同致元大77購02
733666 ,大宇資國泰77購01
6167 ,久正
732128 ,勝麗元大76購02
734518 ,光燿科元大78購02
734040 ,大江日盛77購01
735981 ,勝麗日盛7A購01
734953 ,聖暉日盛78購01
70557P ,環球晶凱基75售06
734045 ,聯亞統一77購02
736097 ,譜瑞國票7A購01
733372 ,威剛統一75購02
5353 ,台林
6496 ,科懋
735603 ,台半元大79購04
735911 ,晶焱元富7A購01
735895 ,信驊永豐7A購01
732665 ,胡連兆豐74購01
1799 ,易威
733100 ,柏文永豐75購01
735494 ,台半富邦79購01
732773 ,鈊象統一75購01
734743 ,精測元大77購01
734303 ,雙鴻康和79購01
732484 ,晶焱國泰74購01
733687 ,岳豐群益76購01
732346 ,中美晶永豐74購02
732946 ,譜瑞富邦75購01
5263 ,智崴
732297 ,大田國泰74購01
734074 ,大中群益78購01
732653 ,凡甲凱基77購01
734176 ,華星光元大77購01
733925 ,金可統一77購01
734457 ,富喬永豐77購02
734606 ,群聯元大78購01
8941 ,關中
733106 ,同致群益75購03
734838 ,中美晶統一78購02
733592 ,宇隆永豐76購01
733410 ,環宇元大75購01
733355 ,神盾富邦76購01
736114 ,元創群益7B購01
735414 ,朋程元富79購01
70639P ,精材群益76售03
733926 ,智擎統一76購04
734902 ,旺矽元大78購01
4973 ,廣穎
733591 ,台半永豐76購01
3685 ,元創精密
734438 ,翔名永豐77購01
733723 ,濱川群益76購03
734723 ,穩懋兆豐77購06
731774 ,璟德富邦74購01
736113 ,優群永豐7A購01
70500P ,中美晶富邦75售03
732621 ,茂達群益74購02
734091 ,東洋兆豐77購01
732764 ,良維凱基74購03
2596 ,綠意
732982 ,牧德中信76購01
733363 ,群聯永豐75購02
734888 ,良維兆豐7A購01
733752 ,應華中信77購01
70428P ,穩懋群益75售01
5309 ,系統電
735375 ,譜瑞元大79購01
735240 ,譜瑞麥證7A購01
735440 ,健信永豐79購01
733255 ,精材富邦76購01
733499 ,先豐元大75購01
732113 ,元太群益74購03
734136 ,光頡國泰77購01
3684 ,榮昌
70390P ,金居兆豐74售03
735640 ,岳豐元大7A購01
733787 ,頎邦元大76購03
732876 ,環球晶台新76購01
736142 ,優群元大7A購01
3558 ,神準
733139 ,直得第一75購01
2235 ,謚源
70396P ,穩懋統一74售02
732407 ,元太元大74購04
734961 ,環球晶元大78購03
734099 ,美琪瑪國泰78購01
732894 ,立敦國泰75購01
732341 ,鴻碩元大74購01
731089 ,宣德凱基74購01
733353 ,世界富邦75購01
733018 ,宇隆台新77購01
732996 ,原相元大78購02
733491 ,聯亞富邦75購02
734841 ,合晶統一79購02
735655 ,精材凱基79購02
70562P ,神盾元大75售05
735137 ,宜鼎永豐78購01
732866 ,璟德元大75購01
731910 ,精測凱基74購01
732972 ,僑威永豐75購01
735273 ,邦特永豐79購01
70107P ,雙鴻元大74售02
734925 ,三貝德群益78購01
70740P ,穩懋兆豐78售01
734300 ,環球晶永豐77購01
734328 ,智擎康和77購01
731777 ,金居元大76購01
735051 ,金可麥證79購01
734417 ,三貝德第一77購01
8342 ,益張
732268 ,碩禾統一74購02
734593 ,勝麗台新78購01
733390 ,晶焱元富75購01
70540P ,元太群益75售04
735650 ,台星科康和79購01
733394 ,環宇永豐75購01
70804P ,環球晶元富79售02
732733 ,VHQ日盛74購01
735344 ,昂寶群益79購01
5439 ,高技
4416 ,三圓
2640 ,大車隊
6472 ,保瑞
733417 ,茂達兆豐75購01
735088 ,神盾元大7A購01
732650 ,恒耀元富74購01
735004 ,欣銓富邦78購01
736012 ,博智凱基7A購03
735238 ,穩懋麥證7B購01
735404 ,智擎麥證7A購01
733714 ,威剛富邦78購01
735535 ,環球晶中信7A購01
733379 ,岳豐元大78購01
732968 ,東洋統一75購01
735226 ,群聯群益7A購01
8349 ,恒耀
732017 ,牧德永豐74購01
732362 ,穩懋永豐74購01
734007 ,原相統一78購01
733943 ,富喬永豐76購02
735967 ,穩懋國泰7A購01
732874 ,伍豐國泰76購01
732423 ,聯亞國票74購01
732150 ,萬潤元大76購01
70433P ,頎邦元大74售02
734435 ,中天永豐77購01
5351 ,鈺創
4402 ,福大
734746 ,網家元大77購03
732720 ,加百裕富邦74購01
70692P ,中美晶凱基77售02
70370P ,環球晶元富74售02
734425 ,元太兆豐78購02
730648 ,宏觀國泰74購01
733464 ,穩懋元富75購03
3628 ,盈正
734373 ,合晶元大79購02
733070 ,精材凱基75購03
734548 ,良維兆豐78購01
736047 ,環球晶日盛7A購01
734924 ,牧德台新79購01
6613 ,朋億
736022 ,東洋凱基7A購01
735003 ,世界富邦78購01
734162 ,均豪元富77購01
735256 ,中美晶玉山7A購01
732578 ,精測群益74購03
734737 ,應華永豐77購02
735034 ,僑威永豐78購01
70669P ,網家群益77售02
735336 ,僑威國票79購01
734352 ,宜鼎永豐77購01
70520P ,譜瑞台新75售01
734858 ,凱美麥證78購01
732470 ,合晶元大75購01
1599 ,宏佳騰
733604 ,精華元大76購02
732172 ,伍豐元大74購01
70838P ,精材元富7A售02
734685 ,環球晶永昌77購02
8942 ,森鉅
733201 ,群聯元大75購03
732485 ,碩禾國泰77購01
734537 ,同致凱基77購01
734116 ,紅馬永豐77購01
732248 ,中菲行永豐74購01
735962 ,博智元大7A購01
733800 ,原相群益76購04
735726 ,璟德凱基79購01
733598 ,昂寶國票76購01
734619 ,岳豐元富77購02
734722 ,環球晶兆豐78購01
735300 ,譜瑞群益7A購01
735015 ,穩懋元大78購03
735896 ,神盾永豐7A購01
4550 ,長佳
732851 ,昇達科國泰75購01
6210 ,慶生
734151 ,凡甲永豐77購01
6220 ,岳豐
734441 ,千附元大77購03
735668 ,中美晶元富79購01
733040 ,新麥中信75購01
3265 ,台星科
734246 ,VHQ兆豐77購01
733740 ,岳豐凱基76購02
734216 ,茂達永豐77購01
731507 ,鈊象凱基74購01
732533 ,鼎翰群益74購01
70660P ,精材國泰77售01
735833 ,台半麥證79購01
732587 ,中美晶永豐74購04
736042 ,榮剛群益7A購01
733305 ,精華凱基75購04
735807 ,大江元大79購04
734437 ,良維永豐77購02
734652 ,雙鴻永豐77購01
3268 ,海德威
736024 ,金可凱基7A購01
70435P ,中美晶國泰76售03
3580 ,友威科
3623 ,富晶通
735318 ,台半凱基79購01
734663 ,網家凱基77購03
734892 ,譜瑞兆豐78購01
6122 ,擎邦
734086 ,同致日盛77購01
736003 ,元太群益7A購03
734490 ,光頡國泰79購01
5488 ,松普
2064 ,晉椿
733825 ,台半元大76購02
733673 ,牧德國票76購01
733099 ,東碩永豐75購01
8040 ,九暘
734665 ,環球晶台新78購02
6462 ,神盾
734070 ,金居永豐77購01
733125 ,威剛統一75購01
734421 ,凱美日盛77購01
736061 ,聯合統一7A購01
735842 ,頎邦麥證79購02
733820 ,聯亞元富76購01
734874 ,岳豐永豐78購01
4743 ,合一
733691 ,先進光元大78購01
733868 ,立端元大76購02
734659 ,新普統一77購02
728847 ,元太第一74購01
732281 ,直得統一75購01
734558 ,原相凱基77購04
734716 ,網家元大77購02
732710 ,閎康群益74購01
735119 ,環球晶富邦78購03
733663 ,富喬元大76購02
733007 ,大江元富75購01
734387 ,信驊永豐77購01
733785 ,穩懋元大76購10
736069 ,精材元大81購01
735913 ,中光電康和7A購01
735483 ,信驊群益79購02
734777 ,富喬兆豐78購01
732690 ,迅得群益75購01
1268 ,漢來美食
734210 ,中美晶群益77購01
735301 ,東洋元大79購01
733060 ,精華元大75購02
732974 ,譜瑞永豐75購01
734964 ,三貝德群益78購02
734142 ,台半群益77購01
734465 ,穩懋凱基77購05
732962 ,大江凱基75購02
734830 ,網家群益79購02
735709 ,合晶統一7A購02
734263 ,碩禾群益78購01
733921 ,精華中信78購01
735390 ,岳豐日盛79購01
735798 ,信昌電永豐79購01
733212 ,神盾群益75購01
735953 ,勝麗群益7B購01
70571P ,環球晶國泰75售03
733953 ,精華群益76購01
735030 ,聯亞凱基78購02
734399 ,同致元大77購04
734664 ,環球晶富邦78購02
732440 ,茂達日盛74購01
734277 ,富喬國泰77購01
732819 ,昂寶群益74購01
70469P ,同亨康和75售01
735198 ,和勤元大7A購01
733695 ,穩懋元大76購06
6121 ,新普
735763 ,合晶統一7B購01
736023 ,東洋凱基7A購02
734800 ,友華日盛78購01
00725B ,國泰投資級公司債
731251 ,亞泰元大74購01
733731 ,大江群益76購01
70694P ,群聯凱基77售01
733502 ,群聯元大75購05
735623 ,中美晶群益79購05
5489 ,彩富
734451 ,穩懋統一77購02
734155 ,光頡永豐77購02
735143 ,碩禾永豐79購01
732875 ,原相元富77購01
734483 ,昂寶群益77購03
734491 ,聯亞國泰77購01
732771 ,中美晶日盛74購02
735626 ,宣德群益79購01
734188 ,威剛統一77購02
735274 ,岳豐永豐79購01
70576P ,精材元富76售02
70398P ,元太群益74售06
70695P ,群聯凱基77售02
70424P ,碩禾群益75售01
731873 ,鈊象凱基74購03
735701 ,環球晶群益79購02
731431 ,凡甲富邦74購01
733895 ,桂盟中信76購01
733186 ,群聯永豐75購01
733498 ,台半元大75購05
734455 ,原相兆豐77購01
732700 ,精華元大74購01
733577 ,恒耀元大76購01
734108 ,金居群益77購02
736088 ,台聯電元富7A購01
733913 ,凱美永豐76購03
735681 ,金居日盛7A購01
731421 ,金居元大75購01
734913 ,欣銓國泰78購01
734153 ,大地永豐77購01
3555 ,重鳥鵬
733110 ,宜鼎元富75購01
734807 ,富喬台新79購01
733660 ,台半元大76購01
733072 ,穩懋凱基75購04
732590 ,先豐元富74購01
734693 ,原相永豐77購04
732481 ,胡連元大74購01
731458 ,鈊象合庫74購01
3095 ,及成
70512P ,金可元富75售02
1796 ,金穎生技
731966 ,鈊象台新75購01
734674 ,禾瑞亞元大77購01
70453P ,新漢康和74售02
6147 ,頎邦
732830 ,穩懋元大74購08
734908 ,環球晶麥證7A購01
70449P ,精材日盛74售01
735933 ,和勤永豐7A購01
735520 ,新普統一7A購01
733444 ,頎邦永豐75購02
734391 ,萬潤中信77購01
70705P ,美琪瑪群益78售01
735620 ,新普凱基79購01
735014 ,穩懋元大78購02
4114 ,健喬
70722P ,環球晶國泰77售01
01017S ,93中信貸d
735124 ,美琪瑪台新79購01
733161 ,先進光國泰75購01
732722 ,茂達永豐74購02
733313 ,精華富邦75購01
733369 ,中美晶統一77購01
735529 ,光燿科台新7A購01
735902 ,原相台新7A購01
734066 ,台燿永豐77購01
734500 ,環球晶凱基77購01
6229 ,研通
735958 ,中美晶元大7A購02
733928 ,立敦永豐76購02
732682 ,良維永豐74購02
70782P ,中美晶群益7A售06
733137 ,譜瑞元大75購04
735830 ,大江麥證79購01
3562 ,頂晶科
5529 ,志嘉
70598P ,碩禾元大77售02
733955 ,立敦元大76購02
734897 ,直得國票78購01
734768 ,大江元大77購03
735754 ,同致元大79購03
735271 ,VHQ永豐79購01
732260 ,美磊元大74購01
735468 ,台半永豐79購01
732785 ,中美晶群益74購10
732413 ,雙鴻元大76購01
734695 ,頎邦國票77購01
70785P ,大江元大79售02
733648 ,原相群益76購01
5410 ,國眾
731716 ,岳豐元大76購01
734624 ,長華科日盛77購01
734656 ,環球晶元大77購08
70509P ,良維元大75售03
732867 ,大中永豐75購01
733979 ,雙鴻國泰7A購01
732922 ,中美晶國泰77購01
733101 ,新漢永豐75購01
732670 ,台燿中信74購01
735628 ,先進光永豐79購01
731369 ,雙鴻國泰74購01
735533 ,明安中信79購01
734001 ,茂達凱基76購01
734165 ,健亞元富77購01
4160 ,創源
734049 ,閎康元富77購01
3083 ,網龍
731848 ,同致群益74購02
3675 ,德微
1593 ,祺驊
734629 ,凱美統一77購02
732360 ,光燿科永豐74購01
70620P ,穩懋台新76售01
735739 ,長華科群益79購01
735891 ,精材凱基7A購01
4413 ,飛寶企業
732455 ,伍豐國泰74購01
731484 ,碩禾富邦75購01
734358 ,群聯統一78購01
70329P ,光燿科群益74售02
733608 ,群聯玉山79購01
734343 ,網家兆豐77購01
732262 ,網家元大74購03
732599 ,穩懋元大74購04
734864 ,環球晶麥證79購01
732082 ,元太群益74購02
732528 ,中美晶群益74購05
733620 ,元太富邦76購01
735184 ,信昌電兆豐79購01
735538 ,穩懋永豐79購01
8418 ,捷必勝-KY
3551 ,世禾
736039 ,和勤群益7A購02
735646 ,環球晶元富79購01
735251 ,合晶統一79購03
733633 ,宜特元大76購01
6204 ,艾華
734769 ,宇峻元大78購01
6577 ,勁豐
733705 ,VHQ元大77購01
735975 ,牧德永豐7A購02
732502 ,中美晶永豐74購03
734602 ,聯亞群益78購04
732786 ,元太群益74購07
733678 ,頎邦凱基76購01
70648P ,威剛日盛76售02
732652 ,環球晶富邦74購02
735963 ,精測元大7A購03
732787 ,合晶群益74購01
70677P ,環球晶群益77售03
734349 ,金居群益78購01
731265 ,精測兆豐74購01
733229 ,東洋統一76購01
733816 ,新普元富76購01
736123 ,精材日盛7A購01
733574 ,朋程元大76購01
733476 ,精材台新75購01
734711 ,同致元大78購04
3219 ,倚強
734078 ,晶焱群益78購01
732400 ,昇達科群益75購01
734834 ,凡甲富邦78購01
8432 ,東生華
732177 ,精材元大75購03
734806 ,元太台新7A購01
733743 ,岳豐元大76購03
735612 ,恒耀群益79購01
732454 ,同致永昌74購01
733078 ,宜鼎永豐75購01
734135 ,千如國泰77購01
733404 ,昂寶元大75購02
733744 ,精材元大77購01
4543 ,萬在
733067 ,大中凱基75購01
733594 ,威剛永豐76購01
732992 ,環球晶群益75購03
735778 ,中美晶群益7A購08
733619 ,應華日盛76購01
70769P ,台半元大79售01
733909 ,頎邦元大76購04
733496 ,群聯統一75購02
734517 ,力旺元大77購02
734371 ,VHQ元大78購02
732900 ,台燿元富75購01
732546 ,環球晶統一74購06
736124 ,中美晶統一81購01
734891 ,環球晶兆豐78購02
735367 ,東洋兆豐79購01
736057 ,凱美統一7B購01
70791P ,聯亞群益79售02
733729 ,穩懋永豐76購03
734628 ,久元統一77購02
2726 ,雅茗-KY
733864 ,大江凱基76購01
70607P ,合晶群益77售01
733006 ,力旺元富75購01
734869 ,中美晶群益79購01
732664 ,威剛兆豐75購03
735331 ,網家永豐79購01
732357 ,久元富邦74購01
735503 ,僑威元大79購01
5349 ,先豐
733819 ,廣明元富76購01
4534 ,慶騰
731343 ,陽程元大75購01
735140 ,晶焱永豐78購01
70808P ,欣銓元大79售01
735280 ,台燿中信79購01
733908 ,穩懋元大76購11
734825 ,合晶群益78購04
735134 ,IET永豐78購01
732940 ,世界凱基75購01
732565 ,合晶永豐74購03
732732 ,精測元大75購02
733152 ,欣銓群益75購01
732311 ,茂達富邦74購01
70752P ,環球晶元大78售06
733615 ,東洋國票76購01
733894 ,光燿科日盛76購01
732765 ,欣銓凱基74購01
734512 ,久元兆豐77購01
732293 ,中美晶凱基74購01
734266 ,環球晶群益77購02
70686P ,元太凱基77售03
70837P ,穩懋麥證7B售02
732003 ,環球晶統一74購02
4944 ,兆遠
731545 ,VHQ國泰75購01
734253 ,茂達元富77購01
732908 ,勝麗元大75購02
734397 ,晶焱富邦77購01
735005 ,精材富邦78購01
734003 ,環球晶富邦77購01
70559P ,聯亞兆豐76售02
732135 ,良維國泰74購01
733214 ,大宇資永豐75購01
5512 ,力麒
735631 ,宣德永豐79購01
732816 ,茂達國泰74購01
732827 ,僑威元大74購01
734797 ,精華凱基78購01
70728P ,穩懋國泰77售04
735564 ,大江中信79購01
732600 ,穩懋元大74購05
5201 ,凱衛
733315 ,台燿永豐75購01
734966 ,威剛群益79購01
735145 ,元太元大78購02
733807 ,閎康國泰77購01
70476P ,中美晶國泰76售04
734179 ,網家元大77購01
735777 ,譜瑞元大79購04
731764 ,頎邦群益74購01
734883 ,岳豐富邦78購01
6203 ,海韻電
732026 ,晶焱富邦76購01
733051 ,頎邦日盛75購01
734244 ,僑威康和77購01
6219 ,富旺
732051 ,昂寶凱基75購02
733653 ,VHQ凱基76購01
5864 ,致和證
732776 ,中美晶中信74購04
70664P ,精材群益77售03
70485P ,精測元大75售03
734232 ,元太統一77購01
70673P ,環球晶兆豐77售02
734241 ,直得元富77購01
735609 ,聯亞群益7B購01
733651 ,東洋第一79購01
4966 ,譜瑞-KY
731994 ,原相富邦74購01
735376 ,譜瑞元大79購02
733634 ,凱美元大76購02
731453 ,同致中信76購01
70739P ,新普中信78售02
734259 ,美琪瑪元大78購02
735717 ,泰博康和79購02
734696 ,翔名康和77購01
732429 ,譜瑞群益75購02
734729 ,三貝德國泰7A購01
733711 ,譜瑞元大76購02
3540 ,曜越
006201 ,元大富櫃50
735764 ,網家統一79購01
732193 ,東捷元大76購01
733760 ,金山電國票76購01
733759 ,榮剛永豐76購01
734660 ,鼎翰日盛77購01
4924 ,欣厚-KY
732714 ,精華台新74購01
735459 ,元太元大79購04
735608 ,牧德群益79購01
70736P ,新普群益78售01
734302 ,元太玉山78購01
734553 ,直得國泰77購01
4127 ,天良
4911 ,德英
732649 ,宇隆元富74購01
735822 ,群聯兆豐7A購01
5905 ,南仁湖
3293 ,鈊象
732453 ,環球晶凱基74購03
70394P ,碩禾群益74售02
734486 ,元太台新78購01
732963 ,台半凱基75購01
734991 ,智擎麥證79購01
731759 ,雙鴻國泰75購01
734460 ,金居凱基77購02
70774P ,網家元富79售02
5348 ,系通
735429 ,鈊象富邦7A購01
733865 ,台半台新77購01
733259 ,良維統一75購01
734413 ,久元國泰77購01
734273 ,金山電兆豐77購01
8107 ,大億金茂
733250 ,富喬國票75購01
736011 ,博智凱基7A購02
732760 ,晶焱元大75購01
733449 ,神盾群益75購04
734520 ,直得元大78購01
733063 ,同致國票75購01
732726 ,精華永豐74購02
732775 ,精測兆豐74購02
732712 ,群聯群益74購02
734596 ,信昌電群益77購01
732994 ,台半元大75購03
70155P ,穩懋凱基74售07
733239 ,碩禾兆豐76購01
733972 ,立敦凱基76購02
735333 ,元太國票79購01
733203 ,晶焱日盛75購01
70371P ,穩懋元大74售01
735139 ,茂達永豐78購02
732040 ,碩禾永豐74購01
732107 ,精測國泰75購01
734117 ,美琪瑪永豐77購02
3577 ,泓格
735024 ,晶焱凱基78購01
3707 ,漢磊
732899 ,金居凱基75購01
70545P ,神盾永豐75售04
735189 ,和勤永豐78購01
8255 ,朋程
735072 ,穩懋凱基78購06
70486P ,宇隆康和75售01
734533 ,晶焱國泰77購01
70532P ,西柏康和75售01
734648 ,迅得永豐77購02
735377 ,VHQ群益79購03
736098 ,力麒永豐7A購01
733889 ,金可永豐76購02
734567 ,穩懋元大77購09
735474 ,晶焱永豐79購01
70369P ,同致元富75售01
735470 ,邦特永豐79購02
733792 ,精材群益76購02
70501P ,精測群益76售02
734055 ,頎邦富邦77購02
733218 ,泰博永豐75購01
4161 ,聿新科
733364 ,精材永豐75購03
734712 ,合晶元大77購04
3642 ,駿熠電
732837 ,立敦永豐74購02
733481 ,精測第一75購01
732391 ,元太國泰74購01
733039 ,同致永昌75購01
70423P ,譜瑞群益74售01
70579P ,昂寶凱基76售02
70623P ,原相群益76售03
734181 ,智冠中信77購01
730605 ,富喬元大74購01
733614 ,聯亞元大78購01
734556 ,雙鴻康和77購01
732921 ,穩懋永豐75購02
70568P ,光燿科元大75售01
733412 ,碩禾日盛75購02
735204 ,欣銓元富78購01
733756 ,亞泰永豐76購01
70612P ,精材凱基76售02
735297 ,宇峻群益7A購01
735245 ,精材永豐79購01
735588 ,明安永豐79購01
734538 ,合晶凱基77購01
70303P ,金居群益74售01
733194 ,元太台新75購01
734574 ,邦特永豐77購01
734697 ,恒耀凱基77購01
733320 ,鈊象日盛75購01
733045 ,大中群益76購01
735116 ,三貝德凱基78購01
735323 ,聖暉凱基79購01
5328 ,華容
732366 ,良維凱基74購01
732753 ,新普群益74購02
734254 ,環球晶元富77購03
70635P ,穩懋元富76售01
734340 ,廣明元大77購01
733771 ,精測日盛76購01
733200 ,柏文元大75購01
3163 ,波若威
734251 ,大江元富77購01
733075 ,立敦永豐75購01
734276 ,昂寶統一79購01
733730 ,精測中信77購02
70613P ,群聯富邦76售02
735373 ,凱美元大79購01
733248 ,欣銓國票75購02
733202 ,廣明元大75購01
732985 ,新普元富75購01
734698 ,智擎中信77購01
735067 ,金可永豐78購01
4933 ,友輝
731563 ,康普凱基75購01
733179 ,欣銓凱基75購02
70797P ,穩懋元大79售02
734175 ,原相元大78購03
734505 ,環球晶凱基77購06
732777 ,智擎中信75購01
734429 ,穩懋台新77購01
735055 ,信昌電統一7B購01
70768P ,元太元大79售03
734626 ,智擎日盛77購01
732436 ,恒耀元大74購01
8932 ,宏大
733968 ,美琪瑪統一77購01
734208 ,群聯富邦77購01
735510 ,宇隆群益79購02
734613 ,博智永豐77購03
731138 ,茂達元大75購01
733055 ,精華元富75購02
8084 ,巨虹
733575 ,美磊元大76購01
732956 ,欣銓元大75購01
732478 ,萬潤日盛74購01
733945 ,精華永豐76購01
6222 ,上揚
734408 ,元太群益77購02
8171 ,天宇
735182 ,直得兆豐79購01
733133 ,精材元大75購07
734456 ,精材中信77購02
734831 ,濱川群益79購01
6140 ,訊達
734740 ,頎邦台新78購01
732680 ,中美晶永豐74購05
4130 ,健亞
735479 ,元太群益79購04
70786P ,穩懋群益79售03
735210 ,精測富邦78購02
735452 ,宜特凱基79購01
733382 ,聖暉中信75購01
70743P ,牧德元大78售04
734872 ,晶焱群益78購02
733433 ,神盾元大75購07
4554 ,橙的
732361 ,冠科永豐74購01
731755 ,譜瑞凱基75購01
70429P ,原相永豐74售01
734310 ,原相永豐77購02
735302 ,牧德元大79購04
733245 ,濱川元大76購01
735285 ,精華凱基79購02
732791 ,大中永豐74購02
735163 ,應華元大7A購01
70416P ,台半康和74售01
733995 ,久元康和76購01
735340 ,元太群益79購02
733870 ,金山電元大76購01
732634 ,中美晶國票74購02
733155 ,欣銓永豐75購03
732290 ,大田康和74購01
732693 ,勝麗群益75購02
735000 ,長華科永豐78購01
732820 ,金居群益75購01
735064 ,友華永豐78購01
735123 ,群聯中信7A購01
6195 ,詩肯
732639 ,中美晶國泰74購02
735804 ,恒耀永豐79購01
734833 ,原相凱基78購01
734190 ,台燿國票77購01
732739 ,久元永豐74購02
733844 ,東洋元大76購01
735680 ,欣銓日盛79購01
735127 ,原相群益79購01
732044 ,精材兆豐74購02
734971 ,群聯永豐78購01
736045 ,展旺日盛7B購01
734522 ,胡連元大77購01
733815 ,立端元富76購01
732624 ,雙鴻群益75購02
70407P ,中美晶凱基74售04
733763 ,璟德元大76購02
735305 ,群聯元大79購01
735688 ,伍豐元大79購01
735876 ,世界永豐7A購01
733329 ,友華中信75購01
734856 ,宜鼎麥證78購01
732914 ,欣銓永豐75購01
734228 ,環球晶台新78購01
734890 ,網家兆豐79購01
735100 ,萬潤日盛78購01
734473 ,合晶群益78購03
735201 ,網家元大78購01
6292 ,迅德
735363 ,IET永豐79購01
734557 ,良維凱基77購01
70508P ,合晶元大75售04
733435 ,聯亞元大75購04
734235 ,凱美統一77購01
733219 ,神盾永豐75購02
2937 ,集雅社
734996 ,恒耀麥證79購01
3512 ,能緹
736138 ,海韻電元大7A購01
732365 ,大田凱基74購01
733878 ,原相中信78購01
3224 ,三顧
734546 ,金居中信7A購01
734335 ,元太元大78購01
734140 ,環宇兆豐77購01
733455 ,合晶永豐75購03
736062 ,鈊象統一7B購01
734243 ,濱川永豐77購01
735135 ,同致永豐78購02
733630 ,宇隆凱基76購01
735080 ,威剛國泰79購02
732905 ,勝麗兆豐76購01
732006 ,大江兆豐74購01
733466 ,合晶元大76購02
70641P ,大江凱基76售03
735144 ,濱川永豐78購01
734848 ,晶焱元大79購01
70561P ,原相元大76售02
735341 ,元太群益79購03
733534 ,凱美元大76購01
736108 ,南光永豐7A購01
733362 ,原相永豐75購04
730597 ,同致元大74購01
735391 ,牧德日盛79購01
730920 ,穩懋凱基74購06
70591P ,中美晶國票76售01
735959 ,光頡元大7A購01
736131 ,優群國泰7A購01
731949 ,原相統一74購02
735710 ,宣德統一7A購02
732133 ,精測群益74購01
730017 ,碩禾元大76購02
734990 ,凱美麥證79購01
732539 ,穩懋凱基74購10
732964 ,宜鼎凱基75購01
733416 ,欣銓兆豐75購01
733426 ,振曜元富75購01
734021 ,凱美永豐77購01
731950 ,凡甲元富74購01
6246 ,臺龍
736139 ,高技元大7A購01
733514 ,立端群益76購01
733132 ,宇峻元大76購01
5278 ,尚凡
3297 ,杭特
734609 ,岳豐永豐77購02
731058 ,宏觀元大74購01
735213 ,聯亞兆豐7A購01
732327 ,久元元大74購02
733986 ,立敦元大76購03
733781 ,譜瑞永豐76購01
735447 ,中美晶群益7A購05
736015 ,茂達元富7A購01
735029 ,聯亞凱基78購01
733308 ,聯亞凱基75購03
735208 ,直得凱基78購01
732488 ,威剛群益74購02
734516 ,穩懋兆豐77購05
70472P ,群聯元大75售01
732825 ,大中元大74購02
733617 ,精測凱基76購01
3652 ,精聯
732655 ,中美晶元大75購04
731891 ,網家元大74購01
01016S ,93中信貸c
735433 ,穩懋元富79購02
733453 ,頎邦富邦77購01
732736 ,宜特兆豐75購01
735416 ,勝麗元富79購01
733323 ,VHQ元大75購01
734694 ,神盾永豐77購02
733368 ,雙鴻凱基77購01
733937 ,應華國泰78購01
736065 ,世界元大7A購02
732864 ,統新元大75購01
733022 ,欣銓永豐75購02
733885 ,岳豐元大77購01
734775 ,碩禾元大78購01
732813 ,久元國泰74購01
735379 ,萬潤群益7A購01
733142 ,先進光凱基75購01
733184 ,友華永豐75購01
735712 ,中美晶群益7A購07
732831 ,世界統一74購01
734013 ,原相凱基77購01
733770 ,精材日盛76購01
5493 ,三聯
734219 ,數字中信77購01
733003 ,頎邦群益75購04
734954 ,牧德統一78購01
5603 ,陸海
734917 ,立敦永豐78購01
734048 ,耕興元富77購01
2740 ,天蔥
733235 ,神盾凱基75購01
734595 ,中美晶群益77購04
735606 ,譜瑞元大79購03
735477 ,合晶元富79購01
735369 ,精華兆豐79購01
735601 ,大中元大7B購01
734745 ,精華元大77購02
70467P ,勝麗群益76售01
735129 ,聯亞群益79購01
733625 ,群聯永豐76購03
734106 ,波若威群益78購01
734749 ,穩懋元大77購13
735819 ,良維永豐79購02
735195 ,伍豐元大78購01
735774 ,金居元大7B購01
70381P ,穩懋元大74售03
733906 ,泰博元大76購01
735775 ,信昌電元大7B購01
733033 ,中美晶兆豐75購04
734600 ,環球晶群益77購04
732368 ,宏觀元富74購01
733501 ,金山電元大75購01
733059 ,信昌電元大75購01
734767 ,岳豐玉山77購01
734776 ,牧德兆豐79購01
734044 ,富喬統一7A購01
735438 ,信驊永豐79購01
733216 ,金山電永豐75購01
70434P ,中美晶國泰74售03
733545 ,凡甲永豐76購01
735338 ,聯亞國票79購01
733400 ,精材凱基75購06
733286 ,威剛永豐75購01
70655P ,金可元富77售01
735312 ,譜瑞中信79購01
733535 ,環球晶元大77購01
734805 ,立敦統一7A購01
733833 ,鈊象康和76購01
1259 ,安心
732328 ,大中元大74購01
735685 ,穩懋統一7A購01
735943 ,同亨元富84購01
734906 ,精華麥證7A購01
734782 ,牧德永豐78購01
735224 ,中美晶群益7A購02
733862 ,威剛元富76購01
733213 ,濱川群益76購02
736081 ,晶焱永豐7A購01
733829 ,聖暉中信76購01
734995 ,譜瑞麥證79購01
736002 ,中美晶群益7A購09
735315 ,VHQ凱基79購01
4154 ,康樂-KY
4950 ,牧東
733322 ,網家兆豐76購01
735992 ,中天元大7A購01
732106 ,金居國泰76購01
70654P ,聯亞群益77售02
734601 ,環球晶群益77購05
732520 ,宜鼎永豐74購01
70538P ,元太元大75售02
735252 ,精華統一7A購01
733892 ,穩懋富邦77購01
735161 ,良維元大78購02
5364 ,力麗店
733550 ,昂寶富邦76購01
4972 ,湯石照明
735746 ,應華永豐79購01
3709 ,鑫聯大投控
734821 ,元太元富78購01
735460 ,茂達元大79購01
734577 ,智冠永豐77購01
70577P ,凡甲康和76售01
731565 ,鈊象凱基74購02
734653 ,中美晶元大77購05
733457 ,牧德永豐75購02
3490 ,單井
734252 ,迅得元富77購01
735308 ,鈊象元大79購01
733963 ,榮剛元大76購01
734305 ,力旺凱基77購02
732975 ,中美晶國票75購01
735292 ,聯亞日盛79購01
3068 ,美磊
734785 ,宇峻元富78購01
734131 ,信昌電第一77購01
70747P ,中美晶國泰78售02
735862 ,中美晶元大79購08
733866 ,群聯台新78購01
70408P ,中美晶凱基74售05
733487 ,凱美永豐75購01
735736 ,先進光群益7A購01
735611 ,穩懋群益7A購03
736145 ,力麒康和7A購01
735180 ,中美晶兆豐7A購01
731866 ,光燿科凱基76購02
70159P ,同致元大74售02
733049 ,聯亞群益76購01
733877 ,穩懋統一76購03
732124 ,金居兆豐74購02
735424 ,大中凱基79購01
732695 ,碩禾群益74購03
733875 ,應華永豐76購01
734323 ,中天國泰77購01
733855 ,良維兆豐77購01
732943 ,網家凱基75購02
735658 ,大宇資永豐79購01
735544 ,中美晶元大79購04
3379 ,彬台
734057 ,碩禾國泰7B購01
732382 ,胡連群益74購01
733827 ,網家元大79購01
1569 ,濱川
3152 ,璟德
4979 ,華星光
3324 ,雙鴻
734446 ,聯亞元大77購04
735666 ,台星科國票79購01
732792 ,合晶永豐74購04
734803 ,牧德日盛78購01
70832P ,環球晶凱基7A售06
732927 ,威剛富邦77購01
732574 ,久元群益74購01
735022 ,昂寶凱基78購02
734478 ,譜瑞群益77購02
70706P ,穩懋元大77售08
736093 ,優群元富7A購01
1570 ,力肯
734757 ,精材群益77購05
734031 ,中美晶宏遠77購01
732597 ,碩禾凱基74購01
733354 ,光燿科富邦79購01
70478P ,穩懋元富75售02
732170 ,VHQ元大76購01
732945 ,翔名國泰75購01
731483 ,岳豐富邦74購01
733623 ,合晶永豐76購01
735634 ,網家永豐79購02
733263 ,聯亞統一75購01
731944 ,聖暉群益75購01
734087 ,龍巖日盛77購01
8068 ,全達
732383 ,新普群益74購01
734720 ,台半兆豐77購01
732936 ,宇隆兆豐75購01
734347 ,由田群益78購01
70446P ,中美晶中信76售02
732906 ,原相元大77購02
735332 ,譜瑞永豐79購01
733331 ,神盾中信75購01
733066 ,譜瑞國票75購01
70382P ,中美晶群益74售03
732944 ,加百裕國泰78購01
735696 ,大田群益79購02
733234 ,同致凱基75購02
735421 ,台半元大79購02
734171 ,合晶元大78購01
734290 ,富喬元大77購03
5392 ,應華
01106S ,001中租賃B
732586 ,穩懋中信74購01
5210 ,寶碩
5438 ,東友
70517P ,環球晶凱基75售03
735211 ,頎邦富邦78購02
736041 ,美磊群益7A購01
735522 ,富喬富邦7A購01
8086 ,宏捷科
732795 ,中美晶元大74購08
01102S ,971標準B
733507 ,合晶凱基75購02
3227 ,原相
735218 ,原相永豐79購01
4736 ,泰博
732227 ,譜瑞群益75購01
734139 ,精華兆豐77購01
3284 ,太普高
735706 ,合晶兆豐79購01
70807P ,同致凱基79售02
735974 ,迅得永豐7A購01
735052 ,信驊麥證79購01
734072 ,凱美台新78購01
735941 ,威剛兆豐7B購01
732790 ,合晶合庫74購01
70777P ,合晶凱基79售03
5315 ,光聯
735808 ,宜鼎元大79購02
70563P ,聯亞元大75售03
734026 ,宜特群益79購01
732356 ,中美晶國泰76購01
734751 ,合晶永豐77購04
733380 ,昂寶元大76購02
70604P ,先進光康和76售01
734071 ,中美晶台新78購01
6485 ,點序
3085 ,新零售
733610 ,威剛永豐76購02
733525 ,鈊象永豐76購01
735898 ,萬潤永豐7A購01
733572 ,友華元大76購01
4107 ,邦特
733814 ,友華元富76購01
732802 ,加百裕日盛74購01
8049 ,晶采
6461 ,益得
734218 ,大地中信77購01
3259 ,鑫創
733794 ,富喬第一7C購01
734643 ,穩懋元大77購10
733789 ,原相台新77購01
732959 ,譜瑞元大75購01
70817P ,原相群益7A售02
70401P ,中美晶台新74售02
735627 ,光燿科永豐79購01
733223 ,元太富邦75購01
6188 ,廣明
733505 ,頎邦元大75購02
733419 ,環球晶永昌76購01
735661 ,科懋永豐79購01
736083 ,雙鴻永豐7A購01
734403 ,鼎翰元大77購01
733557 ,聯亞群益77購01
732306 ,耕興元富74購01
735824 ,穩懋兆豐79購03
732687 ,精測永豐74購02
70447P ,穩懋中信76售02
4174 ,浩鼎
733411 ,弘塑日盛75購01
735462 ,中光電國票79購01
733742 ,宜鼎元大76購01
733692 ,先進光元大78購02
733265 ,穩懋群益75購05
735597 ,智崴日盛79購01
733540 ,宜鼎兆豐77購01
734818 ,富喬永豐78購01
733333 ,精材群益75購02
733621 ,東洋富邦76購01
732460 ,神準群益74購01
733458 ,神盾永豐75購06
1781 ,合世
70489P ,元太國票75售01
734113 ,波若威永豐77購01
733513 ,先豐中信76購01
735590 ,富喬永豐79購01
733104 ,宜特台新76購01
70737P ,大江康和78售01
735582 ,大田元大79購01
733300 ,智擎台新78購01
733930 ,閎康永豐76購01
3218 ,大學光
733980 ,精材中信78購01
9949 ,琉園
734426 ,合晶兆豐77購01
70459P ,威剛元大75售02
733934 ,金山電國泰76購01
735966 ,碩禾國泰7C購01
735899 ,鈊象永豐7A購01
3570 ,大塚
734160 ,光頡元富77購01
733643 ,合晶永昌76購01
732522 ,朋程永豐74購01
9951 ,皇田
736053 ,世界統一7C購01
735543 ,大江元大79購03
733682 ,先進光日盛76購02
8077 ,洛碁
731509 ,同致元大74購04
732721 ,加百裕永豐74購01
733172 ,同致元大76購02
732457 ,精測元富74購01
735279 ,元太中信79購01
735881 ,群聯永豐7A購01
6446 ,藥華藥
735836 ,宜鼎麥證79購01
733546 ,勝麗永豐76購01
733551 ,岳豐日盛76購01
5455 ,昇益
735012 ,凱美元大78購03
731911 ,聯合凱基75購01
735550 ,穩懋群益79購04
733408 ,神盾元大75購06
736130 ,達爾膚國泰7A購01
735718 ,中美晶凱基79購04
70570P ,精材永豐75售04
733912 ,直得永豐76購01
8916 ,光隆
732812 ,原相凱基74購04
734495 ,富喬元大79購02
732613 ,翔名永豐74購02
70744P ,中美晶群益79售02
6560 ,欣普羅
735398 ,信驊群益79購01
6104 ,創惟
732878 ,胡連群益76購01
733587 ,威剛兆豐77購01
733959 ,美琪瑪元大76購02
733119 ,威剛國泰77購01
4113 ,聯上
734688 ,岳豐群益77購01
733987 ,濱川元大77購01
732479 ,網家兆豐75購01
733474 ,環宇統一75購01
730574 ,雙鴻元大74購01
735993 ,元太元大7C購01
735428 ,穩懋富邦7A購01
734476 ,精華群益77購01
736052 ,世界統一7B購01
2233 ,宇隆
736037 ,立敦群益7C購01
4131 ,晶宇
735916 ,直得凱基7A購01
733977 ,美琪瑪康和76購02
5251 ,天鉞電
732620 ,牧德群益75購01
732354 ,鴻碩永豐74購01
731638 ,精材元大74購01
70781P ,聯亞元富79售02
734052 ,迅得國泰77購01
734866 ,譜瑞麥證78購01
733508 ,牧德凱基75購03
735235 ,新普麥證79購02
735737 ,宜鼎群益79購02
8048 ,德勝
70596P ,精華元大76售03
733131 ,先進光元大75購02
734443 ,光頡元大78購01
734742 ,凱美元大77購01
732538 ,精測凱基74購02
735794 ,中美晶第一79購01
736115 ,朋億群益7B購01
3492 ,長盛
730773 ,同致國泰77購02
734205 ,大地康和77購01
70521P ,同致凱基75售01
735031 ,聯亞凱基78購03
732421 ,穩懋台新74購02
70414P ,環球晶元富74售05
734420 ,三貝德日盛77購01
734812 ,聯亞兆豐79購01
732580 ,譜瑞台新74購01
733733 ,環宇群益77購01
731892 ,精華國泰74購01
734631 ,中美晶國泰77購02
1586 ,和勤
734633 ,元太群益77購03
732231 ,穩懋永昌74購01
733279 ,聯亞元大75購02
733632 ,合晶元大77購01
8087 ,華鎂鑫
734536 ,頎邦國泰77購01
5205 ,漢康
736010 ,博智凱基7A購01
3213 ,茂訊
8415 ,大國鋼
70615P ,環球晶群益76售03
732450 ,胡連凱基74購01
4503 ,金雨
733480 ,穩懋兆豐76購01
70601P ,精測國泰76售03
732815 ,宜特國泰75購02
733840 ,智擎凱基76購01
732276 ,台半日盛74購01
733008 ,譜瑞元富75購01
735385 ,聖暉國票79購01
733757 ,金可永豐76購01
733519 ,大江永豐76購01
732950 ,精測台新76購01
735010 ,宜特元大78購01
735008 ,世界元大78購01
735894 ,合晶永豐7A購01
733811 ,鼎翰日盛76購01
731890 ,勝麗元大76購01
734423 ,聖暉統一77購02
732447 ,台燿凱基74購02
735986 ,神準元富7A購01
735942 ,中美晶元富7A購01
734910 ,直得統一78購02
734309 ,威剛兆豐78購01
733675 ,新普凱基76購01
732666 ,新普兆豐75購01
6492 ,生華科
735074 ,原相中信7A購01
4729 ,熒茂
732461 ,順達群益74購01
735417 ,精材元富79購01
735869 ,中天群益7A購01
732393 ,頎邦國泰74購01
736140 ,崴強元大7A購01
6144 ,得利影
730787 ,岳豐凱基74購02
70653P ,美琪瑪永豐77售01
734032 ,岳豐元大77購02
733244 ,網家元大75購04
8934 ,衡平
733669 ,威剛國泰79購01
735971 ,生展永豐7A購01
733489 ,頎邦永豐75購04
734921 ,久元元大78購01
730611 ,鈊象元大74購01
735695 ,頎邦元大79購02
733029 ,精華凱基75購01
734671 ,萬潤凱基77購01
734466 ,三貝德元大77購01
3162 ,精確
735111 ,威剛元大79購01
734480 ,華星光永豐77購03
733667 ,友華國泰76購01
733627 ,穩懋群益76購03
4188 ,安克
734385 ,三貝德永豐77購01
735802 ,晶焱永豐79購02
735397 ,宜特群益7A購01
732431 ,大田元富74購03
732640 ,湧德國泰74購01
734492 ,新普中信78購01
6227 ,茂綸
733595 ,晶焱永豐76購01
735657 ,中美晶台新79購01
733183 ,原相富邦76購01
735838 ,原相麥證79購01
733806 ,宜特國泰7A購01
733271 ,應華凱基75購01
733176 ,穩懋元大75購04
1595 ,川寶
3202 ,樺晟
3625 ,西勝
731978 ,同致元富74購01
734240 ,聚和元富77購01
735679 ,勝麗富邦7A購01
735995 ,東洋元大7A購01
734634 ,東洋群益78購01
4126 ,太醫
732843 ,宜特元大74購02
735399 ,精材群益79購02
735258 ,博智元大79購01
735676 ,穩懋凱基79購03
733373 ,網家統一76購01
735082 ,金居台新79購01
3339 ,泰谷
70622P ,元太群益76售03
734298 ,富喬永豐77購01
735870 ,元太群益7A購02
734222 ,先豐群益77購01
731352 ,勝麗凱基75購02
734404 ,碩禾元大77購04
3115 ,寶島極
5291 ,邑昇
733580 ,大江國票76購01
6130 ,星寶國際
8038 ,長園科
734842 ,三貝德元大79購01
734820 ,中美晶元富78購01
733086 ,精華永豐75購01
732890 ,長華科元大75購01
732638 ,精測凱基74購03
8064 ,東捷
734265 ,環球晶群益77購01
3629 ,地心引力
70784P ,勝麗康和7A售01
735154 ,雙鴻台新79購01
732751 ,金可群益74購01
732531 ,智崴群益74購01
733282 ,神盾永豐75購01
3169 ,亞信
733602 ,碩禾元大79購01
732374 ,勝麗元大77購01
70587P ,精材元大76售01
732414 ,台半中信76購01
70399P ,精測永豐74售01
70403P ,穩懋元富74售01
734285 ,帛漢元大77購02
70480P ,中美晶日盛75售01
733774 ,世界中信76購01
734760 ,良維統一78購01
735057 ,智擎統一79購01
732310 ,中美晶富邦75購01
732047 ,岳豐元大74購02
735025 ,翔名凱基78購01
734532 ,勝麗國泰77購01
735473 ,健亞永豐79購01
3548 ,兆利
733012 ,譜瑞元大75購03
732255 ,同亨元富74購01
8420 ,明揚
733839 ,威剛凱基76購04
734223 ,合晶群益78購01
70763P ,中美晶富邦79售01
731010 ,同致富邦77購01
70535P ,精華統一75售01
1752 ,南光
730788 ,威剛凱基74購01
731587 ,精材凱基75購01
735752 ,VHQ日盛79購01
734620 ,牧德元富77購01
734236 ,凱美統一78購01
735011 ,東洋元大78購01
735177 ,直得群益7A購01
70783P ,聯亞群益7A售01
734960 ,環宇元大78購03
733622 ,金居富邦7A購01
70608P ,環球晶群益76售02
733897 ,金可凱基76購02
735852 ,中天永豐79購02
735128 ,環球晶群益78購02
732166 ,信昌電國泰76購01
730960 ,同致元大74購03
734297 ,富宇永豐77購01
733871 ,精材元大76購02
733582 ,宜鼎國票76購01
734764 ,聖暉國泰77購01
3664 ,安瑞-KY
732398 ,良維群益74購02
735649 ,伍豐統一7A購01
733087 ,濱川永豐75購01
70707P ,頎邦元大77售02
734203 ,神盾元富77購01
735061 ,信昌電國泰78購01
732542 ,碩禾日盛74購01
733776 ,金可凱基76購01
733931 ,金山電台新77購01
70800P ,雙鴻元大7A售01
733638 ,頎邦元富76購01
6263 ,普萊德
70411P ,合晶凱基74售03
734059 ,波若威凱基77購01
00727B ,國泰1-5Y高收債
733810 ,聖暉日盛76購01
735654 ,宣德凱基79購01
732935 ,精測統一76購01
733260 ,神盾統一78購01
3088 ,艾訊
732611 ,宇隆永豐74購01
734041 ,台半日盛77購01
733307 ,聯亞凱基75購02
733822 ,IET元大76購02
733609 ,宇峻群益77購01
735496 ,穩懋富邦7A購02
734418 ,光頡元富77購02
734791 ,茂達元大78購01
5508 ,永信建
733769 ,陽程富邦77購01
735146 ,昂寶元大78購03
735991 ,大宇資元大7A購01
733445 ,碩禾國泰77購02
734502 ,環球晶凱基77購03
6609 ,瀧澤科
733428 ,智崴元富75購01
734992 ,新普麥證79購01
734281 ,中美晶元大77購02
3680 ,家登
733429 ,久元元大75購01
735897 ,智冠永豐7A購01
733853 ,群聯統一77購01
731691 ,陽程兆豐74購01
732497 ,穩懋永昌74購02
730322 ,雙鴻日盛74購01
733597 ,台燿國票76購01
732728 ,世界元大74購01
734877 ,陽程永豐78購01
734566 ,聯合元大77購01
735412 ,宜特元富79購02
736129 ,健亞國泰7A購01
734873 ,宇峻永豐78購01
70813P ,中美晶永豐79售04
734161 ,同致元富77購01
733237 ,神盾凱基75購03
734513 ,千附兆豐77購01
735265 ,環宇凱基79購01
6190 ,萬泰科
732904 ,雙鴻日盛75購01
732783 ,穩懋富邦75購02
733751 ,先豐中信77購01
732576 ,和勤群益74購03
732448 ,同致凱基74購02
733527 ,立端康和76購01
730610 ,雙鴻元大74購03
734365 ,原相凱基77購02
733823 ,凡甲元大79購01
734904 ,直得元大78購03
732238 ,同致富邦76購01
732614 ,良維國泰77購01
733939 ,金山電元富76購02
731921 ,弘塑兆豐74購01
735761 ,博智元富79購01
733584 ,群聯國泰77購02
734579 ,環球晶永豐77購02
733396 ,頎邦國票75購01
733415 ,元太兆豐76購02
735751 ,合晶麥證79購01
731710 ,精測中信74購02
732833 ,頎邦兆豐75購02
733339 ,健信永豐75購01
6124 ,業強
735579 ,群聯統一7A購01
734876 ,茂達永豐78購01
8403 ,盛弘
735749 ,大宇資麥證7A購01
3508 ,位速
734657 ,東洋統一77購01
732594 ,中美晶凱基74購06
734198 ,凡甲元富77購01
735886 ,宣德元大7A購01
736029 ,美琪瑪凱基7A購03
733753 ,穩懋中信78購01
736014 ,IET元富7A購01
735555 ,台星科永豐79購02
733141 ,智冠國票75購01
735665 ,宣德永豐7A購01
70753P ,原相台新79售01
731136 ,岳豐元大75購01
735888 ,大田凱基7A購01
732425 ,新普康和74購01
733463 ,直得元富75購01
732917 ,凡甲群益75購01
733310 ,譜瑞凱基75購04
3122 ,笙泉
735156 ,環球晶群益78購03
4205 ,中華食
3465 ,祥業
735403 ,伍豐麥證79購01
734623 ,牧德日盛77購01
733035 ,原相兆豐75購01
733266 ,元太元富75購01
733749 ,智擎統一76購03
734381 ,元太統一78購01
736056 ,威剛統一7B購01
735547 ,凡甲群益79購01
732965 ,牧德凱基75購02
733713 ,群聯日盛76購01
735716 ,聯亞群益7A購02
733966 ,美琪瑪日盛76購02
732525 ,精材永豐74購02
6265 ,方土昶
733951 ,美琪瑪群益76購02
4417 ,金洲
734576 ,勝麗永豐77購01
734778 ,頎邦中信7A購01
730481 ,建錩元大74購01
734889 ,欣銓兆豐78購01
734899 ,聯合日盛78購01
735784 ,牧德元富79購01
733341 ,恒耀永豐75購01
732164 ,精材凱基74購02
734940 ,威剛日盛79購01
4947 ,昂寶-KY
733655 ,金居國泰77購01
732477 ,萬潤凱基74購01
70787P ,中光電康和79售01
732490 ,穩懋群益74購04
5601 ,台聯櫃
735569 ,金居麥證79購01
730123 ,雙鴻國泰76購01
733857 ,精測中信78購01
734261 ,中美晶群益78購01
732299 ,和勤國泰74購01
732811 ,原相凱基74購03
734100 ,原相國泰77購01
735826 ,光頡群益79購01
734703 ,台半富邦7A購01
734124 ,桂盟元富77購01
734119 ,桂盟永豐77購01
734612 ,信昌電永豐77購02
734886 ,凱美中信79購01
735699 ,牧德群益7A購01
729927 ,碩禾元大76購01
734669 ,原相康和77購01
5530 ,龍巖
735599 ,恒耀統一79購01
8416 ,實威
734393 ,頎邦兆豐77購01
6538 ,倉和
8080 ,奧斯特
732499 ,中美晶元富74購04
732699 ,順達元大74購01
731645 ,金可兆豐74購02
70419P ,中美晶群益75售04
735069 ,碩禾永豐78購02
732355 ,中美晶國泰74購01
70542P ,聯亞凱基75售04
734148 ,華星光群益77購01
735662 ,泰博永豐79購01
734977 ,金居元大79購01
3444 ,利機
735355 ,精材日盛79購01
732987 ,碩禾元富75購01
2221 ,大甲
3092 ,鴻碩
2724 ,富驛-KY
732370 ,台半元大74購01
732883 ,聯亞永豐75購01
735687 ,台星科元大79購01
734282 ,台半元大77購01
734348 ,金山電群益77購01
733276 ,泰博元大75購01
733940 ,頎邦元富76購02
6208 ,日揚
735480 ,台半群益79購03
6596 ,寬宏藝術
70713P ,東洋凱基77售03
734614 ,環球晶永豐77購03
733208 ,元太國泰75購02
4735 ,豪展
70516P ,先進光元大75售03
734215 ,金山電永豐77購01
736137 ,原相元大7A購02
733034 ,元太兆豐76購01
735370 ,凱美元富79購02
5281 ,大峽谷-KY
735828 ,精華群益79購03
733283 ,宜特永豐75購01
733544 ,VHQ永豐76購01
735773 ,元太元大79購06
733336 ,先進光永豐75購02
733437 ,VHQ永豐75購01
733555 ,金山電台新76購01
733386 ,網家群益76購03
734843 ,宇峻元大78購02
733211 ,迅得群益76購02
70603P ,新普富邦76售01
734853 ,台半麥證78購01
735987 ,健亞元富7A購01
8450 ,霹靂
736102 ,大億科永豐7A購01
735303 ,勝麗元大79購01
733896 ,精測群益76購03
5306 ,桂盟
733924 ,僑威日盛77購01
70600P ,合晶元富76售01
735548 ,昂寶群益7A購01
735637 ,宣德永豐79購03
731772 ,金居富邦77購01
3479 ,安勤
735856 ,健亞永豐79購02
733173 ,群聯元大75購02
735422 ,勝麗元大7B購01
735322 ,良維凱基79購01
735486 ,元太兆豐79購01
732797 ,東洋元大74購02
735170 ,直得統一7A購01
5403 ,中菲
734984 ,東洋麥證79購01
735359 ,原相統一7A購03
734004 ,晟德日盛76購01
734463 ,網家凱基77購02
732329 ,大中元大75購01
732529 ,中美晶群益74購06
732132 ,昇達科群益74購01
734011 ,恒耀康和77購01
3452 ,益通
6279 ,胡連
732491 ,穩懋群益74購05
733253 ,先進光日盛76購01
733469 ,神盾元大75購08
1566 ,捷邦
734878 ,環宇永豐78購01
732563 ,鈊象富邦76購01
735472 ,金可永豐79購01
735504 ,合晶永豐79購02
735892 ,頎邦凱基7A購01
3191 ,和進
733716 ,精材兆豐76購02
733739 ,岳豐凱基76購01
733799 ,環球晶中信79購01
733858 ,IET群益78購01
735673 ,同致凱基79購01
5704 ,老爺知
732560 ,威剛國泰76購02
734118 ,原相永豐77購01
733745 ,璟德元大76購01
731385 ,富喬統一74購01
735973 ,同致永豐7A購01
734639 ,昂寶元大77購02
732335 ,東碩元大74購01
70811P ,穩懋群益79售06
3226 ,至寶電
70836P ,穩懋麥證7A售04
6435 ,大中
732845 ,茂達日盛77購01
731340 ,晶焱兆豐74購01
734493 ,欣銓元大77購01
70554P ,穩懋日盛75售01
732591 ,環球晶元富74購03
734926 ,勝麗群益78購04
735776 ,博智元大79購02
733316 ,科懋永豐75購01
735871 ,先進光群益7A購03
4991 ,環宇-KY
734615 ,迅得康和77購01
735853 ,昂寶永豐79購03
735990 ,鐿鈦元富7A購01
734307 ,牧德凱基77購01
6154 ,順發
735081 ,環球晶國泰79購01
70334P ,環球晶群益74售02
733590 ,神盾群益76購01
733978 ,聯亞國泰76購01
735425 ,合晶凱基79購02
734434 ,凱美凱基77購01
734111 ,聯亞群益78購01
734515 ,精華兆豐77購02
3529 ,力旺
735020 ,邦特凱基78購01
734258 ,長華科元大77購02
734956 ,信昌電富邦7A購01
735811 ,中美晶統一7B購02
734816 ,欣銓永豐78購01
735197 ,合晶元大7A購01
734982 ,先豐麥證79購01
70709P ,環球晶凱基77售08
6238 ,勝麗
733688 ,智擎群益76購01
733238 ,精材凱基75購05
733328 ,邦特富邦75購01
70481P ,中美晶兆豐75售03
734501 ,環球晶凱基77購02
00720B ,元大投資級公司債
732274 ,中美晶中信74購02
70420P ,合晶群益76售01
734781 ,先進光永豐78購01
70458P ,環球晶統一74售07
4506 ,崇友
734583 ,牧德永豐77購05
732912 ,台半永豐75購01
733257 ,順達台新75購01
732566 ,茂達永豐74購01
6244 ,茂迪
735365 ,合晶永豐79購01
8424 ,惠普
733861 ,信昌電元富77購01
6438 ,迅得
734134 ,直得統一78購01
3484 ,崧騰
734378 ,聯亞元大77購02
734156 ,博智永豐77購01
733599 ,神盾凱基76購01
70659P ,穩懋兆豐77售01
733701 ,信昌電永豐76購01
733715 ,原相富邦77購01
3632 ,研勤
734316 ,VHQ元富77購01
735834 ,同致麥證79購01
731943 ,牧德群益74購01
5498 ,凱崴
735386 ,光頡永豐79購01
734929 ,台半康和78購01
734462 ,翔名凱基77購01
736068 ,桓達元大7A購01
732045 ,鈊象兆豐74購02
735267 ,鈊象凱基79購01
733325 ,精材元大75購10
733166 ,同亨富邦75購01
733227 ,神盾日盛75購01
735490 ,長華科康和79購01
732746 ,加百裕國泰76購01
732880 ,雙鴻凱基76購01
733019 ,欣銓元大75購02
733327 ,恒耀第一75購01
00726B ,國泰5Y+新興債
733612 ,凱美永豐76購02
734024 ,頎邦永豐77購01
2732 ,六角
733975 ,東洋康和76購01
732645 ,千附永豐74購01
732995 ,同致元大78購02
5324 ,士開
731969 ,精華兆豐74購01
70831P ,環球晶凱基7A售05
733703 ,精材永豐76購01
733085 ,聖暉永豐75購01
732729 ,良維元大77購01
6118 ,建達
736031 ,群聯富邦7B購01
732627 ,碩禾元大76購03
734794 ,三貝德康和78購01
3217 ,優群
732684 ,原相永豐74購02
734010 ,聖暉康和77購01
3466 ,致振
736067 ,明安元大7A購01
70693P ,原相凱基77售03
4712 ,南璋
733690 ,穩懋群益76購04
732703 ,環球晶元大75購01
733536 ,金居日盛76購01
70685P ,神盾群益77售03
734621 ,直得元富77購02
731807 ,聖暉群益74購01
732558 ,和勤國泰75購01
732986 ,榮剛元富75購01
6015 ,宏遠證
735664 ,數字永豐79購01
6207 ,雷科
733302 ,神盾群益75購02
735840 ,精華麥證79購03
3299 ,帛漢
733367 ,環球晶凱基75購05
733531 ,環宇凱基76購01
731775 ,金居統一74購01
733881 ,凱美第一79購01
733790 ,台半群益76購02
732263 ,力旺群益74購01
731337 ,環球晶統一74購01
734461 ,金居凱基78購01
733231 ,群聯統一75購01
732508 ,威剛國泰76購01
732232 ,波若威元大77購01
731864 ,由田凱基76購01
733854 ,聯亞統一77購01
732628 ,璟德元大74購01
734952 ,中美晶日盛78購01
732495 ,頎邦群益75購01
735938 ,中美晶台新7B購01
70830P ,原相凱基7A售03
70770P ,中美晶群益7A售04
735091 ,翔名元大78購03
735805 ,金居凱基79購01
735770 ,聯亞永豐79購01
3205 ,佰研
733127 ,環球晶統一75購03
70618P ,群聯群益76售03
734107 ,牧德群益77購02
733573 ,立端元大76購01
732252 ,碩禾富邦77購01
733802 ,精材永豐76購03
733402 ,立敦元大75購02
733518 ,昂寶台新79購01
3563 ,牧德
732934 ,元太日盛75購01
2916 ,滿心
70431P ,中美晶元大74售07
70474P ,環球晶群益75售02
70441P ,群聯凱基74售04
70505P ,鈊象元大75售02
732577 ,直得群益75購01
731810 ,譜瑞凱基77購01
731244 ,同致群益74購01
732589 ,穩懋富邦75購01
733134 ,網家元大76購02
736096 ,泰博國票7A購01
733021 ,昂寶永豐75購01
70815P ,昂寶元大79售03
731048 ,同致國泰74購01
732316 ,中美晶群益74購02
735142 ,群聯永豐78購02
733158 ,先進光群益75購01
733883 ,恒耀凱基76購01
734193 ,牧德元大79購01
735578 ,欣銓統一79購01
734539 ,東洋凱基77購01
733156 ,精材永豐75購01
5356 ,協益
734096 ,先進光國泰77購01
732458 ,由田群益74購01
734168 ,千如元大77購01
734046 ,同致兆豐78購01
732338 ,湧德元大74購02
734172 ,金山電元大77購01
732426 ,新普凱基74購01
732256 ,桂盟元富74購01
731680 ,金可玉山75購01
731987 ,昂寶凱基75購01
732401 ,東碩群益74購01
735151 ,碩禾元富79購01
731827 ,合晶日盛74購01
731140 ,神盾元大75購01
734959 ,原相元大78購04
732967 ,頎邦凱基75購01
732869 ,岳豐永豐75購01
733370 ,世界統一76購01
735964 ,網家元大7A購01
6569 ,醫揚
732678 ,萬潤兆豐74購01
732079 ,雙鴻國泰79購01
735065 ,台半永豐78購01
731968 ,宇隆兆豐74購01
734058 ,頎邦中信79購02
734164 ,亞泰元富77購01
733848 ,宜特日盛76購01
70636P ,威剛凱基76售05
732949 ,精華元富75購01
70452P ,精測兆豐74售03
731940 ,光燿科群益74購01
735233 ,欣銓麥證7A購01
733982 ,美琪瑪群益77購02
4903 ,聯光通
732468 ,璟德永豐74購01
734194 ,原相元大79購01
734321 ,VHQ國泰7B購01
70585P ,頎邦康和76售01
735823 ,穩懋兆豐79購02
734394 ,千附凱基77購01
70553P ,環球晶日盛75售01
736080 ,博智永豐7A購01
732872 ,中美晶統一75購02
733842 ,穩懋凱基78購03
735066 ,岳豐永豐78購02
735478 ,精測元富79購01
735692 ,精材元大7A購03
732778 ,台半國泰75購01
735551 ,台星科統一79購01
732486 ,大田群益74購02
733956 ,牧德元大78購02
70802P ,精測群益79售03
736059 ,智擎統一7B購01
736016 ,碩禾元富7B購01
732332 ,中美晶元大74購01
734234 ,先豐統一77購01
733272 ,元太元大75購03
3373 ,熱映
734033 ,帛漢元大77購01
734306 ,帛漢凱基77購01
734509 ,博智元富77購02
8906 ,花王
732592 ,環球晶元富74購04
735890 ,大宇資凱基7A購02
70002X ,世界元大63展02
4162 ,智擎
735183 ,金居兆豐7A購01
734174 ,金居元大78購03
733432 ,原相元大77購03
733074 ,由田永豐75購01
734646 ,環球晶元富77購04
70643P ,精華凱基76售01
733984 ,環宇群益76購01
6264 ,富裔
732667 ,環宇兆豐74購01
3294 ,英濟
8034 ,榮群
732955 ,朋程元大75購01
4175 ,杏一
735815 ,智擎日盛79購01
734372 ,力旺元大77購01
734790 ,信昌電元大78購02
734936 ,神盾凱基78購02
735675 ,穩懋凱基79購02
735149 ,桓達永豐78購01
735725 ,數字凱基79購01
733946 ,美琪瑪富邦76購01
5432 ,達威
732781 ,信昌電元富74購01
6494 ,九齊
3567 ,逸昌
70386P ,穩懋富邦74售03
735786 ,先進光群益7A購02
734684 ,精測台新79購02
733727 ,精材元富76購03
733348 ,元太元大76購01
733277 ,神盾元大76購01
70580P ,環球晶元大76售01
734390 ,中美晶中信77購02
736125 ,力麒國泰7A購01
732471 ,新普元大74購03
732672 ,環球晶永昌74購02
70350P ,勝麗群益74售02
732403 ,科懋群益74購01
734187 ,東洋日盛77購01
733311 ,譜瑞凱基75購05
733985 ,頎邦群益76購02
735731 ,精測元大7A購01
731963 ,碩禾日盛75購01
732862 ,弘塑元大76購01
733252 ,先進光日盛75購01
733578 ,環球晶日盛76購01
734449 ,穩懋日盛77購01
3402 ,漢科
732581 ,信昌電兆豐74購01
735711 ,中美晶國泰7A購01
734264 ,精材群益77購04
70442P ,群聯凱基74售05
732681 ,台半永豐74購03
732832 ,同致兆豐76購01
735704 ,和勤永豐79購01
734280 ,群聯群益78購02
732386 ,晶焱統一76購01
734900 ,大江元大78購01
735266 ,譜瑞凱基79購01
731847 ,碩禾台新74購01
733028 ,原相凱基75購01
735515 ,金山電日盛79購01
736090 ,高技元富7A購01
735293 ,原相統一79購01
735809 ,長華科元大79購01
8054 ,安國
734233 ,台燿統一77購01
734755 ,同致群益77購02
732938 ,穩懋兆豐75購02
2736 ,高野
731284 ,美琪瑪元大75購01
735187 ,大中永豐78購02
734681 ,光燿科永豐77購01
735919 ,群聯凱基7A購01
733618 ,智擎日盛76購01
1788 ,杏昌
734846 ,金居元大7A購02
736070 ,環宇元大7A購01
734780 ,大江永豐78購01
733044 ,譜瑞台新78購01
735574 ,宇隆日盛79購01
733707 ,欣銓元大76購02
732715 ,順達國泰75購01
734896 ,東洋國票78購01
3228 ,金麗科
733581 ,台半國票76購01
4905 ,台聯電
735287 ,茂達國票79購01
732973 ,聯亞永豐75購02
735395 ,同致群益7A購01
734069 ,牧德永豐77購01
735848 ,中美晶中信79購01
734019 ,良維永豐77購01
733558 ,久元凱基76購01
733901 ,金可富邦76購01
70430P ,穩懋台新75售02
733838 ,宜特凱基76購01
00679B ,元大美債20年
734319 ,直得統一77購01
733347 ,中天元大75購01
733233 ,元太凱基75購01
732430 ,頎邦群益74購03
732848 ,中美晶兆豐75購02
70466P ,中美晶統一75售01
735982 ,智擎玉山7C購01
6231 ,系微
5701 ,劍湖山
732838 ,紅馬永豐74購01
735150 ,富喬元富78購01
3441 ,聯一光
5211 ,蒙恬
735565 ,精材兆豐7B購01
733010 ,僑威元大77購01
732763 ,宇隆凱基74購01
732402 ,威剛群益75購02
732990 ,精材群益75購01
733482 ,廣明凱基75購03
735593 ,同致中信79購01
8358 ,金居
735622 ,穩懋台新79購01
735174 ,聖暉統一78購01
735120 ,萬潤國票78購01
732656 ,弘塑元大75購01
732662 ,元太兆豐75購02
732818 ,同致群益75購02
70793P ,碩禾日盛79售01
3323 ,加百裕
732879 ,應華群益75購01
733872 ,IET永豐76購02
736095 ,合晶國票7A購01
6179 ,亞通
5426 ,振發
731392 ,美琪瑪凱基74購01
732641 ,富喬群益74購01
736089 ,茂訊元富7A購01
735705 ,碩禾永豐79購02
736050 ,大江統一7B購01
734337 ,立敦元大77購01
5904 ,寶雅
732269 ,力旺兆豐75購01
70506P ,威剛凱基75售01
732860 ,昂寶元富75購01
732084 ,勝麗群益74購01
734916 ,世界永豐78購01
4157 ,太景*-KY
733876 ,千附日盛76購01
732648 ,僑威永豐74購01
732674 ,宜特日盛74購01
736020 ,世界凱基7A購01
733143 ,宜鼎凱基75購02
731264 ,金可兆豐74購01
70524P ,精材元大75售09
732660 ,精材元大75購05
5274 ,信驊
735471 ,直得永豐79購01
732605 ,晶焱群益75購01
734608 ,合晶永豐77購03
734586 ,牧德國泰77購01
732806 ,台燿兆豐75購01
734247 ,環球晶兆豐77購03
735719 ,中美晶凱基79購05
6103 ,合邦
733448 ,合晶群益75購03
3332 ,幸康
8076 ,伍豐
735641 ,宣德元大79購01
733493 ,頎邦台新77購01
735264 ,精華凱基79購01
734867 ,頎邦麥證78購01
6290 ,良維
732007 ,譜瑞兆豐74購01
734433 ,岳豐凱基77購01
736132 ,力麒元大7A購01
734200 ,宜特元富79購01
734173 ,金可元大77購01
733162 ,先進光國泰75購02
734220 ,穩懋國票77購01
732854 ,智崴國泰75購01
734477 ,穩懋群益77購04
732492 ,穩懋群益74購06
735484 ,原相群益7A購01
735094 ,穩懋元大78購05
735467 ,大江永豐79購01
70730P ,中美晶元大78售01
732780 ,穩懋國泰74購03
735795 ,千如永豐79購01
735242 ,新普元大79購02
735905 ,網家中信7A購01
733952 ,美琪瑪群益77購01
735980 ,大宇資日盛7A購01
732584 ,中美晶統一74購06
734167 ,鐿鈦元富77購01
735983 ,良維元富7A購01
734090 ,元太兆豐78購01
732842 ,宇隆元大74購01
735056 ,威剛統一79購01
735733 ,恒耀元大79購01
2719 ,燦星旅
733016 ,聯亞群益75購01
734419 ,合晶國票77購01
734811 ,金居兆豐78購01
735230 ,台燿麥證7A購01
735408 ,大田元富79購01
732123 ,昂寶兆豐74購01
732939 ,譜瑞兆豐77購01
732030 ,環球晶群益74購01
732689 ,台燿群益74購01
732564 ,光燿科永豐75購01
732798 ,金山電元大74購01
732823 ,聯合元富74購01
735948 ,光燿科富邦7C購01
734487 ,大江日盛77購02
731013 ,凡甲凱基74購01
8097 ,常珵
732696 ,濱川群益75購01
735610 ,穩懋群益79購05
734980 ,久元麥證78購01
734388 ,濱川永豐77購02
733809 ,長華科日盛76購01
733509 ,直得凱基75購01
6488 ,環球晶
70502P ,欣銓元富75售02
734499 ,宜特凱基77購01
731308 ,良維元大74購01
732637 ,環球晶玉山77購01
734363 ,精材國泰77購02
70465P ,精材元大75售06
732207 ,精材凱基75購02
734559 ,智擎台新77購01
734835 ,元太富邦78購01
734311 ,穩懋永豐77購01
8067 ,志旭
733340 ,環球晶永豐75購03
70549P ,環球晶元大75售06
734887 ,大江兆豐78購01
736032 ,三貝德群益7B購01
732219 ,元太元大75購01
70250P ,雙鴻群益74售01
735757 ,精測元大79購02
732308 ,大田元富74購02
8096 ,擎亞
733439 ,朋程永豐75購01
734132 ,先進光凱基77購01
734255 ,凡甲元大77購01
735097 ,精材兆豐78購01
5386 ,青雲
734666 ,中美晶元富77購01
735191 ,美琪瑪永豐78購02
735290 ,合晶日盛79購01
735624 ,伍豐群益79購01
733182 ,廣明元富75購01
735239 ,譜瑞麥證79購02
732432 ,統新永豐74購01
3236 ,千如
734047 ,昂寶元富77購01
70592P ,穩懋凱基76售01
730599 ,昇達科元大74購01
733834 ,IET凱基76購01
5452 ,佶優
732093 ,信昌電統一75購01
1777 ,生泰
733919 ,譜瑞元富76購01
733556 ,IET群益76購01
732515 ,台半元大74購02
6241 ,易通展
733191 ,環球晶第一75購01
3206 ,志豐
735858 ,晶焱永豐79購03
735635 ,穩懋永豐79購02
734592 ,牧德凱基77購02
70527P ,元太凱基75售02
735656 ,茂達日盛79購01
733462 ,合晶元富75購02
3221 ,台嘉碩
734560 ,中美晶群益78購02
731920 ,穩懋凱基74購08
733750 ,同致兆豐77購01
733424 ,世界元富75購01
732489 ,璟德群益74購01
70719P ,中美晶元富77售02
734792 ,鼎翰元大78購01
70294P ,群聯群益74售01
732500 ,中美晶元富74購05
734687 ,中美晶群益78購03
4716 ,大立
733326 ,雙鴻元大78購02
70799P ,環球晶元大79售02
3317 ,尼克森
733817 ,群聯元富76購01
734943 ,長華科麥證78購01
733342 ,神盾元富75購01
731555 ,勝麗元大75購01
734599 ,網家群益79購01
733996 ,久元康和76購02
732702 ,環球晶元大74購07
734947 ,恒耀麥證78購01
733406 ,欣銓元大75購05
6298 ,崴強
734647 ,頎邦第一77購01
733321 ,神盾統一75購02
70637P ,頎邦富邦76售02
735147 ,直得元大78購04
734884 ,迅得元富7B購01
732836 ,環球晶永昌75購03
8440 ,綠電
732273 ,中美晶中信74購01
70415P ,譜瑞元富74售01
8042 ,金山電
733888 ,碩禾元大77購03
735353 ,閎康日盛79購01
6109 ,亞元
735556 ,台燿永豐79購01
734762 ,富喬國泰78購01
732977 ,穩懋國票75購01
733264 ,元太群益75購03
8109 ,博大
70638P ,碩禾元大79售02
734860 ,精測麥證78購01
735525 ,精華元富79購01
733563 ,群聯國泰76購01
70451P ,精材兆豐74售03
732857 ,金居群益76購01
733662 ,胡連元大76購01
732350 ,東碩永豐74購01
735432 ,聯亞元富79購01
735727 ,中美晶元大79購06
731088 ,岳豐凱基74購03
732367 ,鴻碩凱基74購01
735223 ,聯亞台新7A購01
734744 ,精測元大77購02
734554 ,環球晶國泰78購01
735793 ,中美晶宏遠79購01
731746 ,台燿凱基76購01
734786 ,金居元富78購01
3523 ,迎輝
70400P ,穩懋永豐74售02
734114 ,牧德永豐77購02
735289 ,穩懋國票79購01
733130 ,先進光元大75購01
733899 ,精華國泰76購01
5520 ,力泰
8024 ,佑華
734895 ,大江國票78購01
734278 ,璟德富邦77購01
735263 ,中美晶凱基79購01
00721B ,元大中國債3-5
733023 ,金居永豐75購03
9960 ,邁達康
734112 ,岳豐永豐77購01
735244 ,凡甲永豐7A購01
70698P ,網家群益78售03
734197 ,應華台新78購01
734569 ,大宇資永豐77購01
735867 ,環球晶元大79購03
735035 ,中美晶中信78購01
734130 ,晶焱兆豐78購01
732642 ,精測群益74購04
733324 ,神盾元大75購03
733345 ,譜瑞兆豐75購01
733860 ,精材國泰76購02
735567 ,中美晶麥證79購01
734795 ,昂寶康和78購01
733656 ,凱美國泰76購01
732909 ,網家群益76購01
732284 ,宜鼎兆豐75購01
733747 ,萬潤日盛77購01
732298 ,良維國泰76購01
732810 ,原相凱基74購02
5272 ,笙科
734339 ,博智元大77購02
732958 ,智崴元大75購02
5347 ,世界
733524 ,穩懋永豐76購01
70646P ,譜瑞元富76售02
732770 ,中美晶元富74購07
731726 ,雙鴻凱基74購01
735884 ,精測中信7A購01
733262 ,環球晶統一76購01
731450 ,碩禾國泰78購01
2734 ,易飛網
70727P ,美琪瑪元大77售03
733537 ,威剛日盛76購01
70691P ,穩懋永豐77售02
732340 ,聚和元大74購02
735583 ,台半元大79購03
735400 ,大田麥證79購01
734668 ,原相兆豐77購02
735965 ,濱川日盛7A購01
734345 ,立敦元富77購01
733071 ,穩懋凱基75購03
3499 ,環天科
731349 ,茂達凱基75購01
732711 ,順達群益74購02
734392 ,中美晶兆豐78購01
732221 ,東隆興元大77購01
8289 ,泰藝
735132 ,穩懋兆豐78購03
736055 ,台燿統一7B購02
732352 ,湧德永豐74購01
732320 ,來思達群益74購02
732511 ,台半中信76購02
735756 ,晶焱元大79購02
735073 ,神盾元富78購01
733275 ,信昌電元大75購02
01110S ,051中租賃B
735652 ,台星科康和79購03
3455 ,由田
733165 ,精材國泰75購01
733193 ,鈊象國票75購01
735277 ,雙鴻永豐79購01
734005 ,光燿科統一79購01
735921 ,環球晶凱基7A購02
3264 ,欣銓
8390 ,金益鼎
735347 ,大地元大79購01
732394 ,伍豐日盛75購01
732858 ,勝麗群益75購03
735249 ,中光電統一79購01
733151 ,迅得群益76購01
734756 ,昂寶群益77購05
735570 ,長華科麥證79購01
733735 ,精材富邦77購01
6123 ,上奇
734651 ,鼎翰永豐77購01
736143 ,環球晶元大7A購02
5206 ,坤悅
734718 ,聯亞元大77購05
732347 ,立敦永豐74購01
733352 ,原相元大76購01
735234 ,欣銓麥證7B購01
734260 ,環宇元大78購02
736092 ,實威元富7A購01
70412P ,威剛永豐74售01
6470 ,宇智
70761P ,群聯富邦7A售01
734763 ,新普國泰77購01
731814 ,群聯永昌74購01
8383 ,千附
734741 ,光燿科康和77購01
732782 ,冠科元富74購01
1258 ,其祥-KY
734597 ,茂達群益77購01
732579 ,同致台新74購01
734962 ,環球晶元大78購04
734471 ,合晶台新77購01
734405 ,聯亞元大77購03
734706 ,三貝德統一77購01
735310 ,雙鴻元富79購01
732005 ,譜瑞統一74購01
732789 ,穩懋群益74購07
735874 ,穩懋群益7A購04
732390 ,久元元富74購01
734808 ,穩懋麥證78購01
735747 ,雙鴻永豐79購02
735346 ,凡甲元大7A購01
70819P ,精華元大79售02
732549 ,穩懋兆豐74購01
733991 ,合晶永豐76購03
735371 ,中美晶元大79購02
70712P ,群聯群益79售01
70720P ,信驊元富77售02
732892 ,智晶元大75購01
732396 ,穩懋統一74購01
735560 ,精測群益79購02
735261 ,碩禾元大79購04
733772 ,精材統一77購01
731592 ,岳豐兆豐74購01
733605 ,VHQ國泰7C購01
70668P ,鈊象台新77售01
734504 ,環球晶凱基77購05
734242 ,精測永豐77購01
733661 ,東洋元大77購01
733812 ,精測兆豐77購02
734177 ,華星光元大78購01
735952 ,展旺群益7A購01
734970 ,牧德永豐78購02
732321 ,直得群益74購01
70647P ,美琪瑪群益76售03
734898 ,威剛日盛7A購01
70749P ,穩懋群益79售01
733999 ,新普康和76購01
735131 ,宜鼎兆豐79購01
735488 ,穩懋兆豐79購01
734793 ,數字元大78購01
735950 ,宜特群益7B購01
731307 ,宏觀元大74購02
735924 ,鈊象凱基7A購01
733236 ,神盾凱基75購02
731415 ,鈊象兆豐74購01
6016 ,康和證
735873 ,網家群益7A購04
70687P ,中美晶元大77售03
735158 ,中光電凱基78購01
731870 ,勝麗凱基75購03
733273 ,元太元大75購04
735058 ,網家統一78購01
8050 ,廣積
3520 ,振維
731260 ,金可統一74購01
70586P ,群聯元大76售01
732692 ,直得群益75購02
735901 ,信昌電群益7A購02
735885 ,元太元大7A購01
733387 ,環球晶群益75購05
735989 ,廣明元富7A購01
732625 ,中美晶元大75購03
735383 ,穩懋群益79購02
70729P ,穩懋富邦77售03
736035 ,世界群益7A購01
733670 ,雙鴻國泰78購01
735513 ,大江凱基79購04
735141 ,翔名永豐78購01
735972 ,由田永豐7A購01
736046 ,精測日盛7A購01
70835P ,台半群益7B售01
735915 ,頎邦玉山7A購01
732277 ,迅得日盛74購01
01014S ,93中信貸a
732896 ,精測中信77購01
735255 ,穩懋群益7A購02
735499 ,中光電元大79購02
734430 ,直得群益78購01
6574 ,霈方
736040 ,美琪瑪群益7A購02
731967 ,穩懋富邦74購01
735167 ,直得統一78購03
733122 ,環球晶富邦75購01
734035 ,威剛元大77購02
735298 ,威剛群益7A購01
731454 ,碩禾中信74購01
733512 ,牧德國泰76購01
732953 ,譜瑞群益75購04
733494 ,台燿群益75購01
733961 ,勝麗元大77購02
735199 ,美琪瑪元大78購03
70717P ,環球晶中信77售02
70454P ,原相凱基74售01
736036 ,世界群益7B購01
731961 ,岳豐國泰74購02
732805 ,網家統一75購01
732462 ,譜瑞群益75購03
735311 ,良維兆豐7A購02
733225 ,群聯富邦75購01
735358 ,萬潤國泰7B購01
735247 ,中光電日盛79購01
732633 ,美磊兆豐74購01
731788 ,譜瑞凱基76購01
733686 ,聯亞兆豐77購01
732312 ,勝麗富邦74購01
735743 ,美琪瑪永豐79購01
732617 ,應華元富74購01
4528 ,江興鍛
733473 ,合晶統一77購01
733304 ,精華凱基75購03
732554 ,威剛元大74購03
734009 ,碩禾兆豐77購01
734271 ,力旺元富77購01
736133 ,三顧元大7A購01
733274 ,欣銓元大75購04
735955 ,晶焱群益7B購01
70711P ,環球晶凱基77售10
3491 ,昇達科
732822 ,精材元富74購01
732322 ,茂達群益74購01
2035 ,唐榮
732319 ,來思達群益74購01
734330 ,元太凱基77購01
1784 ,訊聯
732979 ,晶焱凱基75購01
730715 ,神盾元大74購01
733068 ,合晶凱基75購01
4909 ,新復興
736107 ,信昌電永豐7A購02
735259 ,萬潤元大79購01
4702 ,中美實
734237 ,環球晶統一78購01
735837 ,東洋麥證7A購02
735714 ,智擎群益79購01
735877 ,岳豐永豐7A購01
70593P ,群聯國泰77售01
732439 ,穩懋玉山77購01
8908 ,欣雄
733989 ,同致元富76購01
734588 ,VHQ康和77購01
734796 ,碩禾凱基78購01
733073 ,譜瑞凱基75購03
70789P ,宜特群益7A售02
734836 ,皇田富邦78購01
734414 ,光頡國泰78購01
733788 ,環球晶元富76購01
3541 ,西柏
733697 ,譜瑞元大76購01
732808 ,加百裕國票74購01
734801 ,立敦日盛78購01
735427 ,元太富邦7A購01
736085 ,同致中信7C購01
734489 ,元太國泰77購01
735202 ,聚和元大7A購01
734871 ,直得群益79購02
70845P ,碩禾元大7A售02
735153 ,環球晶兆豐78購03
733043 ,東洋國泰75購01
70406P ,統新群益74售01
734704 ,勝麗富邦78購01
735748 ,宜鼎中信79購01
735335 ,先豐國票79購01
70575P ,精測國泰76售02
70834P ,精測元大7A售02
8299 ,群聯
70326P ,網家兆豐74售01
5536 ,聖暉
734550 ,先進光日盛77購01
735495 ,原相富邦7A購01
70682P ,合晶群益78售02
3171 ,新洲
733421 ,頎邦富邦76購01
732930 ,閎康元大75購01
735742 ,金山電永豐79購01
733178 ,立敦凱基75購01
735291 ,翔名日盛79購01
735868 ,良維日盛79購01
735441 ,凱美永豐79購01
4120 ,友華
735900 ,宇峻群益7A購02
732841 ,聯亞群益74購02
4804 ,大略-KY
734370 ,群聯富邦77購02
733559 ,久元凱基76購02
732345 ,中美晶永豐74購01
5209 ,新鼎
734182 ,千附永豐77購01
734060 ,波若威凱基78購01
735907 ,大中元富7A購01
733054 ,VHQ元富75購01
732796 ,合晶元大75購02
70617P ,同致群益77售01
734644 ,新普中信77購01
732716 ,加百裕國泰74購01
734308 ,富喬凱基77購01
733136 ,雙鴻元大78購01
70662P ,環球晶元富77售02
734332 ,穩懋富邦77購02
734354 ,昂寶日盛77購01
6261 ,久元
70704P ,穩懋凱基77售06
734870 ,昂寶群益78購01
733570 ,富喬台新78購02
733181 ,欣銓國泰75購01
733847 ,群聯元大76購03
735766 ,中美晶國票79購02
731901 ,迅得元大76購01
732619 ,和勤群益74購04
70590P ,環球晶統一77售03
735937 ,廣明永豐7A購01
733696 ,穩懋元大77購01
734645 ,凱美元富77購01
736094 ,VHQ國票7A購01
732623 ,聯亞群益74購01
734932 ,凡甲凱基78購01
735284 ,群聯凱基79購01
70001Y ,一銀金元大63展01
4129 ,聯合
734213 ,聯亞群益78購02
733061 ,聯合元大75購01
735203 ,同致元富78購01
730919 ,穩懋凱基74購05
735546 ,直得元大79購01
735552 ,凡甲永豐79購01
735643 ,宣德元大79購02
735283 ,勝麗台新7A購01
6169 ,昱泉
735730 ,精測元大79購01
735017 ,環球晶永昌78購01
733082 ,原相永豐75購02
4116 ,明基醫
735453 ,恒耀凱基79購01
734974 ,群聯群益78購05
70715P ,環球晶元大77售06
70699P ,聯亞群益78售03
732464 ,凡甲永豐74購01
732658 ,原相元大75購02
70679P ,群聯元富77售02
735781 ,原相群益79購03
736017 ,太醫康和7A購01
735617 ,直得凱基79購01
734064 ,聚和凱基77購01
736087 ,晶焱兆豐7B購01
731721 ,威剛富邦79購01
5289 ,宜鼎
4711 ,永純
5255 ,美桀
5011 ,久陽
734427 ,應華兆豐77購01
734360 ,僑威康和77購02
00697B ,元大美債7-10
733547 ,金山電元富76購01
70634P ,精材元大77售02
731771 ,群聯玉山76購01
734815 ,同致永豐78購01
732078 ,聯亞中信74購01
732828 ,精材元大74購03
735220 ,宜鼎日盛79購01
736007 ,元太康和7A購01
734450 ,碩禾統一78購02
733717 ,環宇中信78購01
735410 ,同亨元富79購01
735361 ,大田凱基79購01
735443 ,精測永豐79購01
70531P ,網家元大75售03
734905 ,元太麥證79購01
735530 ,元太元富79購01
735222 ,網家台新79購01
734199 ,先豐元富77購01
733639 ,世界國泰78購01
735589 ,波若威永豐79購01
3285 ,微端
735394 ,茂達中信79購01
732604 ,統新群益74購02
735762 ,中美晶日盛79購01
734564 ,昂寶元大77購01
734789 ,牧德元大7A購01
70780P ,合晶元富79售02
730483 ,建錩元大74購03
70422P ,環球晶群益74售05
735118 ,邦特富邦78購01
5227 ,立凱-KY
70565P ,環球晶兆豐75售04
734717 ,環球晶元大77購10
734344 ,久元元富77購01
732275 ,久元日盛74購01
70448P ,加百裕群益74售03
70378P ,中美晶元大74售03
732377 ,大田群益74購01
3374 ,精材
735041 ,岳豐元大79購01
733880 ,精華台新77購01
01107S ,031中租賃A
70738P ,牧德康和78售01
735984 ,昂寶元富7A購01
733280 ,穩懋元大76購03
734901 ,合晶元大78購03
733190 ,中美晶第一75購01
734591 ,大中凱基77購01
734676 ,勝麗元大77購03
734610 ,牧德永豐77購06
731166 ,宜特國泰75購01
733606 ,良維國泰7A購01
734315 ,精測台新79購01
735451 ,濱川康和79購01
6217 ,中探針
734464 ,穩懋凱基77購04
70569P ,聯亞元大75售05
732324 ,環宇群益74購04
735173 ,群聯統一78購02
70609P ,譜瑞群益76售01
736001 ,大田群益7B購01
733431 ,宇峻元大75購01
733041 ,合晶國泰75購01
3710 ,連展投控
734581 ,良維永豐77購03
70443P ,群聯凱基74售06
70546P ,環球晶統一75售04
732809 ,穩懋國票74購02
735435 ,中天永豐79購01
733734 ,僑威國票76購01
733037 ,環球晶兆豐77購01
736119 ,醫揚群益7B購01
733504 ,應華元大75購02
3611 ,鼎翰
6180 ,橘子
733658 ,環球晶統一77購05
732654 ,穩懋台新75購01
734458 ,合晶玉山79購01
735841 ,穩懋麥證7A購03
734147 ,神盾群益77購02
733089 ,宜鼎元大75購01
734950 ,聯亞中信79購01
8426 ,紅木-KY
732870 ,金居永豐75購01
733446 ,環球晶國泰75購01
734079 ,新普群益77購01
735944 ,金居元富7A購01
731217 ,東捷元大75購01
735176 ,中美晶台新7A購01
731296 ,宜鼎中信74購01
734726 ,迅得群益77購02
735254 ,力旺群益79購01
732632 ,精測統一75購01
735708 ,原相日盛79購02
6616 ,特昇-KY
733549 ,智擎元富76購01
733923 ,凡甲日盛77購01
8071 ,能率網通
4163 ,鐿鈦
733765 ,網家元富76購01
70822P ,大田康和79售02
734967 ,三貝德日盛78購01
735326 ,網家凱基79購01
732603 ,中美晶群益74購08
732307 ,網家元富74購01
731354 ,廣明凱基75購02
733117 ,迅得康和75購01
733180 ,精材凱基75購04
734494 ,金可元大77購03
70552P ,神盾群益75售03
3313 ,斐成
731219 ,精材元大75購01
733409 ,應華元大75購01
707755 ,凱基S5
733699 ,茂達國票76購01
8409 ,商之器
733506 ,大江凱基75購04
733046 ,弘塑群益75購01
735844 ,美磊群益79購01
731406 ,同致元大78購01
2928 ,紅馬-KY
734758 ,聯合群益77購01
735437 ,西柏永豐79購01
733381 ,元太富邦75購02
735925 ,中美晶元大7A購01
735329 ,環宇富邦7A購01
735048 ,大宇資麥證79購01
3581 ,博磊
733893 ,譜瑞富邦76購02
733708 ,牧德元大77購01
734288 ,美琪瑪元大77購02
8436 ,大江
70839P ,精華元富7A售01
732877 ,立敦群益75購01
732176 ,聖暉元大76購01
3552 ,同致
734327 ,智崴康和77購01
733349 ,世界元大75購02
728848 ,新普第一74購01
734051 ,聯亞元富77購01
735758 ,穩懋元大79購04
733775 ,聯亞中信77購01
734366 ,富喬凱基77購02
732988 ,台半群益75購01
3354 ,律勝
736044 ,環宇群益7B購01
732200 ,精測中信75購01
735109 ,欣銓元大78購02
4139 ,馬光-KY
733284 ,宜鼎永豐75購02
735934 ,昂寶永豐7A購01
735122 ,信昌電日盛78購01
735227 ,穩懋群益7A購01
735396 ,合晶群益7A購01
732749 ,宇隆群益74購01
733874 ,岳豐永豐76購01
70724P ,穩懋統一77售03
6134 ,萬旭
733754 ,金居群益77購01
8066 ,來思達
733330 ,先進光中信77購01
735788 ,和勤群益7A購01
732264 ,元太群益74購05
735327 ,昂寶富邦79購01
00724B ,群益10年IG金融債
733741 ,威剛凱基76購03
733077 ,合晶永豐75購01
734159 ,大地元富77購01
733798 ,穩懋凱基78購02
732881 ,原相永豐75購01
732882 ,富喬永豐75購01
733356 ,穩懋富邦75購04
70825P ,聯亞群益7A售04
70742P ,精材元大78售01
3093 ,港建
733990 ,美琪瑪永豐76購01
732285 ,牧德兆豐75購01
5016 ,松和
732438 ,中美晶玉山75購01
732254 ,伍豐元富75購01
70499P ,鈊象台新75售02
730764 ,宣德元大74購01
733541 ,群聯兆豐76購01
735354 ,群聯日盛79購01
734914 ,雙鴻國泰78購02
70734P ,合晶元大78售02
735734 ,美琪瑪台新7A購01
735616 ,欣銓凱基79購01
732748 ,由田群益74購02
732473 ,雙鴻元大76購02
1336 ,台翰
732932 ,聯亞元大76購01
70374P ,中美晶凱基74售03
735207 ,和勤凱基78購01
733964 ,精測元大76購04
732505 ,胡連永豐74購01
734598 ,新普群益77購02
6161 ,捷波
733004 ,宜鼎日盛75購01
3663 ,鑫科
734077 ,勝麗群益78購02
734395 ,穩懋凱基77購03
734036 ,順達元大77購01
734342 ,先豐國票77購01
734245 ,精材凱基77購02
6535 ,順藥
3372 ,典範
733107 ,合晶群益75購02
732618 ,大宇資群益74購01
732250 ,信昌電永豐74購01
735013 ,碩禾元大79購03
70812P ,譜瑞群益79售01
8183 ,精星
734170 ,光燿科元大78購01
734312 ,千附群益77購01
734770 ,迅得元大7A購02
735281 ,台半台新7A購01
735089 ,神盾元大7B購01
733375 ,環球晶統一77購01
736025 ,金可凱基7B購01
3290 ,東浦
736091 ,達爾膚元富7A購01
70513P ,閎康康和75售01
735792 ,網家群益7A購03
732630 ,鈊象元大75購01
733096 ,世界永豐75購01
735947 ,精測元富7B購01
3431 ,長天
733205 ,網家統一75購02
735887 ,原相元大7A購01
734295 ,長華科永豐77購01
733548 ,金居元富77購01
733761 ,先豐元大76購01
735351 ,宜特日盛79購01
70842P ,台燿元大7A售01
735790 ,精華群益79購01
735268 ,台半富邦7B購01
732941 ,伍豐凱基75購01
733258 ,穩懋台新75購04
70751P ,碩禾元大78售02
735415 ,美磊元富79購01
734507 ,環球晶富邦77購02
3234 ,光環
735799 ,威剛永豐79購02
6482 ,弘煜科
732318 ,中美晶群益75購02
6126 ,信音
735299 ,勝麗群益79購01
732482 ,中美晶國泰76購02
733460 ,廣明永豐75購01
732372 ,良維元大75購01
733115 ,新普國泰75購01
735670 ,宣德中信79購01
733359 ,頎邦中信79購01
732239 ,新普富邦75購01
735702 ,中美晶永豐79購03
732705 ,久元群益74購02
734257 ,千附元大77購02
735587 ,同致永豐79購01
4401 ,東隆興
736034 ,中美晶群益7A購10
734452 ,VHQ國泰78購01
732061 ,鈊象富邦75購01
6234 ,高僑
735767 ,先進光永豐79購02
732410 ,原相元大77購01
733700 ,同致永豐76購01
734191 ,中美晶元大77購01
5490 ,同亨
732807 ,合晶兆豐74購01
3066 ,李洲
4530 ,宏易
735961 ,威剛元大7B購01
4168 ,醣聯
733907 ,聖暉元大76購02
733242 ,神盾元大75購02
733385 ,信昌電群益75購01
733957 ,信昌電元大76購01
732545 ,中美晶統一74購05
735615 ,合晶凱基79購04
70733P ,三貝德康和78售02
70775P ,中美晶元大79售03
735968 ,元太台新7B購01
732552 ,同致元大74購06
6512 ,啟發電
734987 ,信驊麥證78購01
735800 ,桓達永豐79購01
734920 ,欣銓國票78購01
732873 ,譜瑞兆豐76購01
70680P ,中美晶中信77售01
4207 ,環泰
734978 ,凱美元大78購02
733199 ,牧德元大78購01
734238 ,合晶元大79購01
734771 ,金山電元大77購02
5009 ,榮剛
734547 ,昂寶元富77購02
733947 ,美琪瑪富邦76購02
731289 ,合晶統一74購01
732824 ,聖暉日盛74購02
734736 ,威剛永豐77購02
733849 ,昇達科日盛76購01
732952 ,穩懋群益75購04
733845 ,茂達元大77購01
6129 ,普誠
730816 ,宜特元大74購01
734440 ,VHQ元大77購02
733654 ,VHQ國泰79購01
734217 ,群聯兆豐78購01
732411 ,環球晶元大74購03
735461 ,富喬元大7B購01
70606P ,欣銓凱基76售01
732671 ,勝麗中信74購01
733949 ,金山電群益76購01
6294 ,智基
735797 ,同致永豐79購02
3118 ,進階
735036 ,神盾群益78購01
736109 ,海韻電永豐7A購01
735636 ,頎邦永豐79購01
733232 ,璟德元富75購01
734930 ,邦特康和78購01
70404P ,中美晶群益74售07
733157 ,群聯群益75購02
734766 ,迅得凱基77購01
730675 ,來思達元大74購01
733452 ,神盾富邦7A購01
734541 ,晶焱凱基77購01
734779 ,凱美群益78購01
70625P ,穩懋元大76售08
730461 ,光環元大77購01
734221 ,譜瑞國票77購01
732903 ,應華日盛75購01
733112 ,台半國泰76購01
733748 ,中美晶統一76購01
734503 ,環球晶凱基77購04
735096 ,元太中信78購01
70551P ,群聯國泰75售01
734937 ,精測凱基78購01
5450 ,寶聯通
70510P ,穩懋元大76售02
733145 ,環球晶凱基75購02
734993 ,精測麥證79購01
735107 ,朋程元大78購01
4183 ,福永生技
734230 ,VHQ富邦78購01
734701 ,信驊元富77購01
733988 ,聯亞元大76購02
733438 ,昂寶永豐75購02
735545 ,合晶元大79購03
732288 ,宏觀國票74購01
734143 ,禾瑞亞群益77購01
733338 ,來思達永豐75購01
732762 ,加百裕凱基74購01
732688 ,鴻碩永豐74購02
734582 ,良維永豐77購04
734753 ,湧德永豐77購01
736038 ,先進光群益81購01
6404 ,通訊-KY
734275 ,久元日盛77購01
734735 ,中美晶永豐77購02
736075 ,宜鼎永豐7A購01
3078 ,僑威
5383 ,金利
733607 ,邦特國泰78購01
733001 ,穩懋元大76購01
70461P ,東洋群益75售01
735485 ,碩禾群益79購01
732840 ,大中群益74購04
4747 ,強生
736028 ,美琪瑪凱基7A購02
735106 ,昂寶元大78購02
8083 ,瑞穎
735904 ,鈊象台新7A購01
3483 ,力致
70697P ,同致元大77售03
734862 ,精華麥證79購01
70750P ,群聯元大78售02
735250 ,中美晶統一7A購01
734863 ,環球晶麥證78購01
734333 ,中美晶宏遠77購02
731918 ,環宇群益74購02
734907 ,璟德麥證78購01
734229 ,聯亞台新78購01
8291 ,尚茂
734847 ,柏文元大78購01
733138 ,頎邦元大76購02
735465 ,立敦國票79購01
733153 ,譜瑞群益75購05
3426 ,台興
70778P ,精材中信7B售01
736049 ,大江統一7A購01
735085 ,良維元大78購01
734374 ,宜鼎元大77購01
6506 ,雙邦
733983 ,美磊群益76購01
732769 ,新漢康和74購01
733795 ,聯亞國票76購01
735071 ,穩懋凱基78購05
733533 ,同致元大76購03
734357 ,岳豐統一78購01
3516 ,亞帝歐
734150 ,金可台新78購01
70483P ,金居群益76售02
734022 ,應華永豐77購01
735419 ,環宇元富79購01
734206 ,大江康和77購01
734832 ,元太康和78購01
730634 ,江興鍛元大74購01
70372P ,中美晶中信76售01
6556 ,勝品
733543 ,昂寶國泰76購01
730474 ,同致國泰77購01
734752 ,亞泰永豐77購01
735162 ,昂寶元大79購01
3531 ,先益
735508 ,元太群益7A購01
734702 ,美琪瑪元富77購01
734411 ,頎邦群益77購01
3630 ,新鉅科
732496 ,中美晶富邦75購02
70425P ,恒耀群益76售01
6287 ,元隆
733084 ,陽程永豐75購01
735559 ,宜鼎群益79購01
70484P ,新普群益75售01
5304 ,鼎創達
735325 ,精材凱基79購01
735562 ,神盾元富7A購01
70661P ,合晶永豐77售01
732080 ,譜瑞國泰74購01
730898 ,佰研元大74購01
729766 ,同致元大75購01
735909 ,均豪元富84購01
735860 ,精測永豐79購03
735678 ,中美晶富邦79購03
2230 ,泰茂
732392 ,直得國泰74購01
732911 ,穩懋群益75購03
732449 ,宏觀凱基74購01
735542 ,欣銓富邦7A購01
2926 ,誠品生活
70828P ,聯亞群益7A售05
733189 ,精材群益76購01
733516 ,健信群益76購01
735092 ,翔名元大78購04
735954 ,博智群益7B購01
8921 ,沈氏
733846 ,新普元大76購01
735313 ,萬潤台新7A購01
734670 ,勝麗康和77購01
732898 ,牧德凱基75購01
731611 ,原相元大75購01
735528 ,璟德元大79購01
734562 ,宇峻群益78購01
735423 ,精材元大79購01
735765 ,環球晶國泰7A購01
734590 ,穩懋康和77購01
735431 ,大江元富79購01
735019 ,宇峻凱基78購01
8477 ,創業家
735832 ,元太麥證79購02
735619 ,勝麗凱基79購01
734810 ,合晶兆豐78購01
6023 ,元大期
734931 ,穩懋康和78購01
734383 ,岳豐國泰77購02
3260 ,威剛
01103S ,991中租賃A
732171 ,凡甲元大74購02
733726 ,譜瑞國泰76購01
6530 ,創威
735257 ,台燿元大79購01
732626 ,同致元大75購02
735523 ,信昌電元富79購01
6245 ,立端
731917 ,威剛群益74購01
734169 ,大地元大77購01
735769 ,精測永豐79購02
70337P ,環球晶中信74售02
732629 ,譜瑞元大74購02
733805 ,宜特國泰78購01
733401 ,由田元大75購02
5013 ,強新
732540 ,穩懋凱基75購01
733024 ,聯合永豐75購01
2066 ,世德
734765 ,穩懋國泰77購05
731916 ,元太群益74購01
70809P ,新普元大79售03
3306 ,鼎天
70640P ,群聯台新78售02
735648 ,穩懋麥證7A購02
735684 ,宣德統一7A購01
4198 ,環瑞醫
733126 ,環球晶統一75購02
734062 ,威剛凱基77購01
734023 ,聯亞永豐77購01
732891 ,智崴元大75購01
735521 ,精材統一7A購01
4433 ,興采
735006 ,中美晶統一7B購01
735596 ,同致日盛79購01
735519 ,智擎統一79購02
732983 ,譜瑞中信75購01
70649P ,美琪瑪凱基78售01
735393 ,良維中信79購01
732612 ,金可永豐74購01
70721P ,聯亞富邦78售01
70818P ,穩懋凱基79售05
732788 ,美磊群益74購01
733932 ,中美晶國票76購02
735553 ,大田永豐79購02
733520 ,立敦永豐76購01
3511 ,矽瑪
734054 ,同致永昌78購01
6138 ,茂達
733702 ,英濟永豐76購01
732536 ,中美晶凱基75購02
731252 ,昇達科元大75購01
732768 ,群聯凱基74購03
70417P ,中美晶凱基74售07
732323 ,聚和群益74購01
70397P ,合晶元大74售01
735095 ,雙鴻元富78購01
732317 ,中美晶群益75購01
732846 ,閎康日盛74購01
3105 ,穩懋
732886 ,大江元大75購01
8047 ,星雲
734097 ,合晶國泰77購01
733641 ,精測國泰76購04
4556 ,旭然
732303 ,大田元富74購01
732406 ,元太元大74購03
733970 ,聖暉統一77購01
4907 ,富宇
8421 ,旭源
732351 ,博智永豐74購01
735043 ,應華元大78購02
733251 ,環球晶國票75購01
734166 ,博智元富77購01
1785 ,光洋科
734262 ,原相群益77購01
735791 ,精華群益79購02
733565 ,神盾富邦7C購01
732885 ,精華統一76購01
735940 ,大江兆豐7B購01
732226 ,精測中信75購02
731876 ,威剛元大76購01
3363 ,上詮
732924 ,群聯元富75購01
70286P ,群聯兆豐74售01
734798 ,富喬富邦79購01
735639 ,大田元大79購02
734893 ,鈊象兆豐79購01
732889 ,金可元大75購01
733777 ,富喬凱基76購01
735563 ,雙鴻元富79購02
736086 ,智冠中信7A購01
732779 ,邦特國泰76購01
735021 ,昂寶凱基78購01
733900 ,精華國泰77購01
70558P ,環球晶統一75售05
735320 ,光頡凱基79購02
733791 ,群聯群益77購01
734073 ,新漢台新78購01
733523 ,群聯永豐76購01
732336 ,博智元大74購01
731922 ,碩禾兆豐74購01
733915 ,碩禾永豐76購01
732865 ,翔名元大76購01
70627P ,穩懋元大76售09
732844 ,牧德元大74購01
734787 ,博智元富78購01
732895 ,群聯中信77購01
734082 ,昂寶元富78購01
732117 ,網家群益74購01
735328 ,群聯富邦79購01
734508 ,環球晶富邦78購01
3428 ,光燿科
732969 ,智擎統一75購01
732052 ,威剛凱基76購01
70665P ,華星光元大77售03
735063 ,大中永豐78購01
735689 ,威剛元大79購02
735806 ,信昌電凱基79購01
6242 ,立康
733177 ,原相統一75購02
735190 ,金居永豐78購01
733976 ,美琪瑪康和76購01
732314 ,大中群益74購02
734979 ,力旺麥證78購01
733762 ,亞泰元大76購01
733094 ,精華凱基75購02
731984 ,環宇群益74購03
733856 ,宏觀中信76購01
3438 ,類比科
735577 ,明安統一79購01
736111 ,盛弘永豐7A購01
3289 ,宜特
733843 ,宏觀元大77購01
5312 ,寶島科
733015 ,宇隆國泰77購01
733102 ,網家永豐75購01
733090 ,昇達科元大75購02
735935 ,金可永豐7A購01
70757P ,中美晶群益7A售01
70496P ,中美晶元大75售06
8431 ,匯鑽科
732644 ,凡甲永豐74購02
732643 ,鴻碩群益74購01
734424 ,頎邦統一77購01
732942 ,網家凱基75購01
70595P ,精測元大76售02
734679 ,譜瑞元大77購01
732097 ,環球晶元大74購01
70755P ,精材元大78售02
734128 ,精材日盛77購01
6185 ,幃翔
733891 ,陽程元富76購01
735927 ,台半元大7A購01
3272 ,東碩
735903 ,精材台新7A購01
734123 ,元太元富77購01
734788 ,濱川元富78購01
3537 ,堡達
4305 ,世坤
5820 ,日盛金
734587 ,世界中信79購01
732270 ,威剛兆豐75購01
735978 ,榮剛永豐7A購01
3615 ,安可
70514P ,環球晶統一75售01
734585 ,新普永豐77購02
732463 ,IET永豐74購01
734640 ,直得元大78購02
732575 ,中美晶群益75購03
733346 ,鈊象玉山78購01
732817 ,碩禾永豐74購02
733685 ,碩禾統一78購01
735772 ,中美晶元大79購07
734101 ,統新元大7A購01
6603 ,富強鑫
734748 ,穩懋元大77購12
00695B ,富邦美債7-10年
733657 ,環球晶統一77購04
70550P ,穩懋元大75售05
732280 ,中美晶統一74購02
730482 ,建錩元大74購02
733631 ,邦特凱基76購01
735549 ,威剛群益79購02
733144 ,環球晶凱基75購01
6248 ,沛波
735920 ,環球晶凱基7A購01
732451 ,環球晶凱基74購01
70725P ,環球晶群益77售07
70611P ,穩懋元大76售05
1580 ,新麥
734368 ,群聯凱基77購04
733492 ,良維日盛75購01
70460P ,環球晶兆豐75售02
732304 ,中美晶元富74購01
734364 ,中美晶凱基77購01
735866 ,璟德元大79購02
731367 ,陽程國泰74購01
3624 ,光頡
735663 ,智擎永豐79購01
3144 ,新揚科
733288 ,精材永豐75購02
734662 ,新普凱基77購01
734973 ,元太群益78購04
735193 ,環宇永豐78購02
5478 ,智冠
732915 ,金居永豐75購02
733671 ,明安元富76購01
732669 ,穩懋兆豐74購03
733579 ,精測兆豐77購01
734152 ,千如永豐77購01
734157 ,華星光永豐77購01
732555 ,精測元大74購03
70471P ,精測元富75售01
734690 ,新普日盛77購01
735444 ,聯合永豐79購01
735342 ,台半群益79購02
736106 ,直得永豐7A購01
735009 ,世界元大78購02
734981 ,大宇資麥證78購01
735411 ,西柏元富79購01
735816 ,璟德日盛79購01
4803 ,VHQ-KY
734000 ,美琪瑪凱基77購03
734472 ,元太群益78購01
732072 ,威剛元大76購02
735845 ,璟德群益79購01
735741 ,精測群益79購04
732646 ,湧德永豐74購03
734068 ,宇峻永豐77購01
70583P ,大江康和76售01
733169 ,群聯元富77購01
732588 ,環球晶永豐74購01
732582 ,威剛國泰76購03
735532 ,光燿科元富79購01
733450 ,群聯群益75購03
734839 ,元太統一78購02
70801P ,僑威群益7A售01
70594P ,穩懋國票76售01
734081 ,譜瑞群益77購01
735112 ,精材元大7A購01
733009 ,恒耀元富77購01
735253 ,頎邦統一79購01
734120 ,統新永豐77購01
4406 ,新昕纖
732493 ,晟德群益74購02
731077 ,同致統一74購01
733185 ,太醫永豐75購01
731893 ,同致群益75購01
733243 ,晶焱元大78購01
733886 ,昇達科元大77購01
734351 ,網家群益78購02
734708 ,穩懋國泰77購03
734231 ,昂寶富邦77購01
735101 ,中美晶統一79購01
731418 ,金居富邦76購01
70444P ,穩懋凱基74售11
732013 ,朋程中信75購01
5443 ,均豪
734398 ,精測富邦78購01
3666 ,光耀
4707 ,磐亞
735572 ,聯亞麥證79購01
733601 ,欣銓元大76購01
732774 ,VHQ兆豐74購01
732568 ,環宇永豐74購01
8923 ,時報
732754 ,穩懋群益75購02
733522 ,金山電永豐76購01
733850 ,泰博日盛76購01
733808 ,同致富邦7B購01
733135 ,環球晶元大75購03
732991 ,濱川群益76購01
735068 ,美琪瑪永豐78購01
734773 ,博智元大77購03
732747 ,加百裕群益74購02
70726P ,頎邦台新78售02
8059 ,凱碩
736121 ,東洋日盛7A購01
733884 ,宜特元大77購01
733468 ,直得元大76購01
8043 ,蜜望實
70578P ,碩禾康和76售01
70847P ,精測康和7A售01
734183 ,中美晶永豐77購01
70773P ,威剛群益7A售02
732443 ,元太國票74購01
734857 ,東洋麥證78購01
735317 ,大江凱基79購02
70526P ,元太統一75售01
733851 ,閎康日盛76購01
734267 ,聯亞群益77購03
735449 ,泰博康和79購01
70684P ,環球晶元大77售03
734865 ,穩懋麥證79購01
735212 ,頎邦元富79購01
734444 ,金居元大78購04
733471 ,環球晶元大75購07
732289 ,穩懋國票74購01
733221 ,富喬台新78購01
733425 ,江興鍛元富75購01
734530 ,原相國泰77購02
732998 ,翔名元大78購02
735908 ,先豐元富7A購01
4965 ,商店街
4419 ,元勝
734672 ,雙鴻富邦77購01
733704 ,穩懋永豐76購02
734814 ,光燿科永豐78購01
734453 ,信昌電國泰79購01
6276 ,安鈦克
70642P ,元太富邦77售01
731844 ,光燿科兆豐74購01
734269 ,力旺日盛77購01
735801 ,勝麗永豐79購01
733603 ,精測元大76購03
6465 ,威潤
732503 ,合晶永豐74購02
70628P ,頎邦群益76售01
4147 ,中裕
734783 ,穩懋永豐78購01
734485 ,精測群益77購01
733196 ,由田元大77購01
735584 ,合晶元大79購04
735148 ,勝麗富邦78購02
70528P ,岳豐元大75售02
734551 ,濱川日盛77購01
1333 ,恩得利
00718B ,富邦中國政策債
732861 ,台半元大75購02
732022 ,網家元大75購01
732834 ,台半國泰77購01
2924 ,東凌-KY
735979 ,濱川永豐7A購02
733296 ,欣銓元富75購03
733294 ,穩懋國泰75購01
5703 ,亞都
735625 ,金居群益7A購01
70556P ,環球晶康和75售01
732901 ,群聯富邦76購01
731353 ,廣明凱基75購01
734935 ,神盾凱基78購01
734195 ,頎邦玉山77購01
735531 ,台半元富79購01
735260 ,聖暉元大79購01
5299 ,杰力
732713 ,環宇群益75購01
735683 ,欣銓統一7A購01
735241 ,中光電元大79購01
735849 ,精測中信7B購01
70683P ,大江元大77售02
6247 ,淇譽電
734542 ,元太富邦77購02
735998 ,健亞元大7A購01
733950 ,信昌電群益76購01
735231 ,東洋麥證79購02
735294 ,中美晶群益7A購03
733042 ,合晶國泰75購02
733174 ,精材元大75購08
732228 ,同致國泰78購01
732483 ,合晶國泰74購01
735027 ,聖暉凱基78購01
4430 ,耀億
70779P ,環球晶統一79售01
70776P ,中美晶凱基79售02
735090 ,湧德元大78購01
733118 ,良維國泰77購02
1787 ,福盈科
735339 ,中美晶群益79購04
732480 ,欣銓元大74購01
736079 ,凱美永豐7A購01
3287 ,廣寰科
735621 ,碩禾富邦7B購01
733062 ,世界國票75購01
733309 ,穩懋凱基75購06
735248 ,僑威日盛79購01
735457 ,環球晶統一7A購02
3288 ,點晶
734304 ,力旺凱基77購01
732951 ,中美晶群益75購05
735133 ,譜瑞兆豐79購01
70631P ,穩懋國泰77售01
70340P ,雙鴻群益75售01
732602 ,頎邦元大75購01
5516 ,雙喜
732907 ,凱美元大75購01
734353 ,原相永豐77購03
734350 ,群聯群益78購03
735215 ,迅得永豐79購01
6174 ,安碁
730609 ,碩禾元大74購01
734334 ,VHQ元大78購01
732893 ,頎邦元大76購01
70462P ,精測群益76售01
70667P ,美琪瑪元大77售01
732243 ,新普兆豐74購01
70652P ,元太康和76售02
735810 ,恒耀元大79購02
732897 ,頎邦台新76購01
734065 ,聚和凱基78購01
735360 ,光燿科康和79購01
736043 ,碩禾群益7C購01
70674P ,合晶元大77售02
70718P ,環球晶元富77售05
734691 ,信昌電統一78購01
732794 ,精材永豐74購03
735316 ,大江凱基79購01
733013 ,大江國票75購01
3081 ,聯亞
733526 ,宇隆第一76購01
5014 ,建錩
732412 ,環球晶元大74購04
733538 ,金居統一76購01
731799 ,同致元大76購01
733014 ,欣銓國票75購01
731351 ,勝麗凱基75購01
734636 ,環球晶群益77購06
911613 ,特藝-DR
735382 ,精測群益79購01
732282 ,茂達統一74購01
70676P ,勝麗群益77售01
735321 ,合晶凱基79購01
735165 ,大江統一79購01
735855 ,原相永豐79購04
733076 ,同致永豐75購01
735960 ,金山電元大7A購01
734635 ,勝麗群益78購03
734202 ,原相元富77購02
735516 ,大江統一79購02
732853 ,富喬國泰75購01
734933 ,台半凱基78購01
70455P ,大中群益75售01
730899 ,佰研元大74購02
734875 ,直得永豐78購01
732734 ,邦特日盛74購01
735357 ,原相統一7A購02
735854 ,明安永豐79購02
732801 ,精材元大74購02
735571 ,精測麥證7A購01
734320 ,晶焱統一78購01
733140 ,譜瑞第一75購01
732342 ,久元永豐74購01
732241 ,台半兆豐74購01
734571 ,合晶永豐77購02
70681P ,穩懋中信77售01
733434 ,龍巖元大75購01
735671 ,網家中信7C購01
70759P ,頎邦元富79售02
70547P ,穩懋統一75售02
733430 ,元太元大75購06
6021 ,大慶證
735605 ,萬潤元大79購02
3556 ,禾瑞亞
735366 ,凡甲國票79購01
733674 ,直得凱基76購01
70584P ,立端康和76售02
732287 ,台半國票74購01
734683 ,恒耀永豐77購01
732677 ,譜瑞日盛74購01
70384P ,穩懋中信76售01
2067 ,嘉鋼
735642 ,群聯元大7A購01
70629P ,精材永豐76售02
734879 ,鈊象永豐78購01
733420 ,同致富邦79購01
736027 ,美琪瑪凱基7A購01
732725 ,群聯永豐74購01
735070 ,聯亞永豐78購01
735517 ,台半統一79購01
734919 ,萬潤永豐78購01
4549 ,桓達
735864 ,精測元大79購03
734249 ,宇隆國票77購01
733593 ,牧德永豐76購01
735418 ,網家元富79購01
735439 ,茂達永豐79購01
735831 ,中美晶麥證7A購01
732371 ,光燿科元大77購01
734928 ,璟德中信78購01
8489 ,三貝德
735206 ,胡連元富78購01
735880 ,華星光永豐7A購01
734470 ,應華富邦79購01
732442 ,環球晶統一74購05
735364 ,大田永豐79購01
733712 ,原相日盛76購01
732814 ,大中國泰74購02
733644 ,中美晶富邦76購02
734942 ,欣銓麥證78購01
734747 ,穩懋元大77購11
3360 ,尚立
4609 ,唐鋒
70671P ,環球晶元大77售02
736078 ,美琪瑪永豐7A購01
6266 ,泰詠
732404 ,湧德群益74購01
70754P ,穩懋兆豐78售02
735407 ,譜瑞麥證7B購01
734721 ,新普兆豐77購01
735613 ,伍豐凱基79購01
3564 ,其陽
8917 ,欣泰
70515P ,穩懋統一75售01
733456 ,合晶永豐75購04
734802 ,合晶日盛78購01
735509 ,台半群益79購04
5480 ,統盟
734015 ,網家凱基77購01
734239 ,長華科元大77購01
735686 ,中美晶元大79購05
735645 ,宣德元富79購02
735843 ,金山電群益7A購02
733948 ,網家富邦77購01
5015 ,華祺
733230 ,神盾統一75購01
733195 ,同致台新78購01
733228 ,中美晶統一75購03
732302 ,碩禾國泰76購01
733521 ,宏觀永豐76購01
70555P ,神盾元大75售04
735713 ,台燿群益79購01
70392P ,環球晶凱基74售05
3390 ,旭軟
735914 ,信驊康和7A購01
736101 ,大國鋼永豐7A購01
734075 ,直得群益79購01
734605 ,翔名元大77購01
733395 ,新普第一75購01
734377 ,環球晶元大78購02
732349 ,和勤永豐74購01
733837 ,先豐凱基76購01
735715 ,翔名群益79購01
735482 ,直得群益7A購02
734525 ,昂寶統一7A購01
01015S ,93中信貸b
734497 ,宇峻凱基77購01
734949 ,精測中信79購01
8287 ,英格爾
733479 ,環球晶兆豐76購01
734400 ,牧德元大78購03
735083 ,元太群益78購06
733567 ,大中永豐76購01
8069 ,元太
733399 ,宜鼎凱基75購03
736116 ,南光群益7A購01
5371 ,中光電
730479 ,環球晶永昌75購01
732375 ,穩懋元大74購02
4721 ,美琪瑪
735464 ,台半國票79購01
732948 ,精測元富75購02
732694 ,翔名群益75購01
733611 ,統新永豐76購01
733532 ,立敦元大76購01
734386 ,牧德永豐77購04
70619P ,穩懋元大76售07
6523 ,達爾膚
734638 ,良維元大77購03
732397 ,陽程兆豐75購01
735219 ,環球晶永豐79購01
735155 ,聖暉玉山7C購01
8435 ,鉅邁
735262 ,中光電凱基79購01
735196 ,先豐元大78購01
735829 ,環宇元大79購02
70700P ,光頡元富77售03
734998 ,宇峻永豐78購02
733080 ,昇達科永豐75購01
3691 ,碩禾
734468 ,僑威元大77購02
8074 ,鉅橡
732257 ,濱川元富74購01
8155 ,博智
731741 ,VHQ元大74購01
731546 ,康普國泰74購01
733392 ,宇峻永豐75購01
732981 ,大江中信77購01
733334 ,聯亞群益75購02
6486 ,互動
70597P ,穩懋富邦78售01
732550 ,合晶凱基74購01
3211 ,順達
735585 ,智崴元大79購01
732925 ,僑威元富75購01
4754 ,國碳科
735037 ,網家群益79購03
735511 ,美琪瑪群益7A購01
732353 ,聚和永豐74購01
735463 ,世界國票79購01
8099 ,大世科
732839 ,鈊象永豐74購02
734498 ,邦特凱基77購01
733168 ,昂寶元富75購02
732704 ,恒耀元大74購02
735278 ,富喬兆豐79購01
70771P ,精測群益7A售01
734506 ,鈊象凱基77購01
734227 ,精材凱基77購01
735594 ,穩懋中信79購01
733918 ,邦特元富76購01
735698 ,牧德群益79購02
734121 ,精材永豐77購01
735669 ,東洋中信79購01
732512 ,中美晶富邦76購01
70413P ,精測日盛74售01
735928 ,信昌電日盛7A購01
